file,status,has_pred,det_ms,iou,gt_kind
IMG_4066_jpg.rf.X3LPkSFli0thC64tqeBQ.jpg,ok,True,1807.1357240000907,0.4608591365742979,segmentation
IMG_4065_jpg.rf.iIAppnzJGpaWS2Il3nId.jpg,ok,True,1827.772578999884,0.49346283647764766,segmentation
IMG_4051_jpg.rf.4zrh75abdNIk0T468Za9.jpg,ok,True,1863.6041160002605,0.4947456190755383,segmentation
IMG_4026_jpg.rf.lUpgq4J6hermSdMxi2gQ.jpg,ok,True,2085.8478150003066,0.5021847031420013,segmentation
IMG_4017_jpg.rf.h37IccEyHg96cUKnkdbW.jpg,ok,True,2214.232123000329,0.5185515474558989,segmentation
IMG_4057_jpg.rf.SFhbxFGHJbbUZMSAOp2c.jpg,ok,True,1947.5451050002448,0.5195793482345671,segmentation
IMG_4061_jpg.rf.UcfmMUXPUM3hYH5sAjNt.jpg,ok,True,2183.628638999835,0.5286644511990316,segmentation
IMG_4024_jpg.rf.KoNvjJ4nor1VorQEZ1uX.jpg,ok,True,1857.9418899998927,0.5336377556746494,segmentation
IMG_4013_jpg.rf.s0QRC0feeVJeg59ohFTe.jpg,ok,True,1741.8262229998618,0.5375767330378699,segmentation
IMG_4052_jpg.rf.u3NRFmQu51dfaPo5V788.jpg,ok,True,1797.7941829999509,0.5394925353715502,segmentation
IMG_3999_jpg.rf.AmI2qM2y4b6o4wuWybiz.jpg,ok,True,1832.7451260001908,0.5416943813783611,segmentation
IMG_4025_jpg.rf.ukO4dUSXhPVhoQEufq0F.jpg,ok,True,2569.484991000081,0.5522551427024193,segmentation
IMG_4027_jpg.rf.T4sTYCER6iznOaA50NEI.jpg,ok,True,1779.5658130003176,0.5545693009581425,segmentation
IMG_4023_jpg.rf.YwerLSD5NA7pkAjhlykn.jpg,ok,True,1831.770594000318,0.5573614390008137,segmentation
IMG_4059_jpg.rf.zawmVoYmQQDsMDrJXzol.jpg,ok,True,1778.140207999968,0.5674073212733921,segmentation
IMG_4029_jpg.rf.D5pLlHEqZ2dLf6i6QBWO.jpg,ok,True,1787.5592949999373,0.5745146377074257,segmentation
IMG_3995_jpg.rf.xI2sjvlrpBxrep7xjonW.jpg,ok,True,1759.501044999979,0.575226282161436,segmentation
IMG_3998_jpg.rf.q0BIsoqYwhidReXI7mep.jpg,ok,True,1891.2467000000106,0.5764814346495589,segmentation
IMG_4005_jpg.rf.5yAjSsqoVmlrtDgOPEow.jpg,ok,True,2271.910804000072,0.5784540842662853,segmentation
IMG_4068_jpg.rf.nGa5k5AZ7BLh0GbmIcma.jpg,ok,True,1682.6095020001048,0.5816672770947693,segmentation
IMG_4020_jpg.rf.yBF60PCfO6DWmawAeYY1.jpg,ok,True,1811.3284219998604,0.5834040254651846,segmentation
IMG_4053_jpg.rf.nHYufvnUH2VDGebMGZxC.jpg,ok,True,2242.3678079999263,0.5841772584055668,segmentation
IMG_4060_jpg.rf.A1XWDz26H0XBrAe5KhmO.jpg,ok,True,1792.7916909998203,0.588066748681249,segmentation
IMG_3996_jpg.rf.IGuhdFZENimhOtNVRLnd.jpg,ok,True,2582.510318000004,0.5890188888620848,segmentation
IMG_4004_jpg.rf.AXxCcLS4LiGr7P585iTZ.jpg,ok,True,1792.9397960001552,0.5896291662091006,segmentation
IMG_4009_jpg.rf.7X6vVZhSq4yfxVYD8s3I.jpg,ok,True,1745.9407019996434,0.5921940494135411,segmentation
IMG_4067_jpg.rf.QPp04jPFMS7rnQagj06S.jpg,ok,True,1794.7152599999754,0.5983231539480205,segmentation
IMG_4018_jpg.rf.99xwrXXMeDwvKE0j9Tll.jpg,ok,True,1797.3055279999244,0.604972114780967,segmentation
IMG_3985_jpg.rf.eFV6NxOKIo9vCAJ5YvQo.jpg,ok,True,1851.9832719998703,0.6097505430859297,segmentation
IMG_3989_jpg.rf.cWNfXoVCzac8xFnqgCyb.jpg,ok,True,1792.5618290000784,0.6146630306128182,segmentation
IMG_4064_jpg.rf.gLLc4b53xPjyS1koc53C.jpg,ok,True,2356.797538000137,0.6174806543213756,segmentation
IMG_4016_jpg.rf.yx3wO7fVScTvhmRXBF1G.jpg,ok,True,2413.3798319999187,0.6350837185648391,segmentation
IMG_3992_jpg.rf.HQGTxfuqUQe3WygZai2c.jpg,ok,True,1654.1552329999831,0.6359134132974108,segmentation
IMG_3997_jpg.rf.gM8mergq3RaGxVU0GgU1.jpg,ok,True,1996.2291430001642,0.6381370637754369,segmentation
IMG_4054_jpg.rf.aoyozh3Urc15bQwhQ8Ox.jpg,ok,True,2218.1977620002726,0.6396918433092785,segmentation
IMG_4003_jpg.rf.d3sknQQ1DYqzl1viOA8v.jpg,ok,True,1861.4920139998503,0.6424482581996048,segmentation
IMG_4055_jpg.rf.0kkGRRwbYcROqQolttNU.jpg,ok,True,1882.573948999834,0.643171876872822,segmentation
IMG_4015_jpg.rf.B1KX7ClQcG4GK8RNL5lw.jpg,ok,True,1833.8706879999336,0.6470532870839854,segmentation
IMG_4008_jpg.rf.nOLg5rqbflDbD4IlQLzM.jpg,ok,True,2093.327805000172,0.6472235749037537,segmentation
IMG_4012_jpg.rf.wyBa5bkYhoZI1lRlr8NS.jpg,ok,True,1941.8477489998622,0.6486018900518975,segmentation
22e74efb18b2d88fba63d25a61bf5f97_jpg.rf.okcmbZ6jYYtEkADS1Szs.jpg,ok,True,1544.3345049998243,0.6553177640375972,segmentation
97aeb1f9b745a929e9ac0848acb53a1a_jpg.rf.Az2qVwefwgYq6eNN1CLT.jpg,ok,True,944.5273960000122,0.6615053767288412,segmentation
1877a28e4c5f5c1ea68aca66f4e85d95_jpg.rf.bdjuPRDGHl6VQiFIUd7p.jpg,ok,True,900.8305790002851,0.6671419446409318,segmentation
3baf85c957b9d28a16c0b65cb2ef0d29_jpg.rf.T9LARZyo5r3ArBcaucKI.jpg,ok,True,920.7236279999051,0.6884612186008371,segmentation
IMG_0167_JPG_jpg.rf.pF9KjVImsTXHhQLS3xC5.jpg,ok,True,908.7288969999463,0.6906080071651742,segmentation
ec5ab1930d6aa16fff2582b48f82cada_jpg.rf.7HwNfDOHS4xFK62Uposd.jpg,ok,True,1366.4776400000846,0.6936829148179608,segmentation
424d6506342fa2471e71586675ed092c_jpg.rf.2mtI2uMRLyinPaT7ja4Q.jpg,ok,True,914.7368499998265,0.6944138578201109,segmentation
389b4c47568c78c44df11dbb1377ffea_jpg.rf.tNXu46DuOkyEoP9eP6MS.jpg,ok,True,1058.911905000059,0.6949597416085351,segmentation
4de23afff63bc169b4ebe547a9c9b692_jpg.rf.6VzbSd1yySil8gxGpTSv.jpg,ok,True,964.4492699999319,0.699532011584371,segmentation
d29148a2233950a7777285281cbfccff_jpg.rf.iJR9IMSyVUNqzfonCVb1.jpg,ok,True,951.1798210000961,0.7014737806380096,segmentation
b4ff4132c8c85da97d8bf9a2a4ed3e3d_jpg.rf.fr97arsyAEQ545pa5DER.jpg,ok,True,1013.9252530002523,0.7056448464046056,segmentation
49d365236ee4fb6bd982b0f00bff007e_jpg.rf.LRGRUmd5V0NpY706bm7d.jpg,ok,True,957.8014429998802,0.7084599266516666,segmentation
dd6b5c3cb2d7e77f38f1dfeb2bff0431_jpg.rf.bwnKrtzuHfC1kMaWhP7R.jpg,ok,True,901.3253779999104,0.7098751801096413,segmentation
18742c87a03866e042c5659ba04d1180_jpg.rf.GnRRYHhInViir9Y78Dhw.jpg,ok,True,1328.3728520000295,0.7143597429034779,segmentation
bc5decab88861286dcf78a367b4377cb_jpg.rf.yBGE8kvyxXgQNH8hlk1w.jpg,ok,True,939.3356949999543,0.7181682301609337,segmentation
f3a5df526393445c6e2d38f66c1f5c27_jpg.rf.RjK1UIl5QQajMIQ8y8ch.jpg,ok,True,905.7180079998943,0.7187133058649484,segmentation
76dbe2ccf986a2a0d399d3d8a47279ad_jpg.rf.zTIY2cRL38ugEksw2uV2.jpg,ok,True,951.3962139999421,0.7209305787244964,segmentation
a932287da44b9dfacd0d16a5c1d27923_jpg.rf.4Td2XbYGQbrTv6MZCTEH.jpg,ok,True,1029.0029309999227,0.7210462681038721,segmentation
4d6b667ecbd41ebd603b38848366d9d0_jpg.rf.eI3eSkwY6FcOQjyZusom.jpg,ok,True,946.703442999933,0.722031447677571,segmentation
IMG_0169_JPG_jpg.rf.5YoOCX4deXRCmNeoj0xC.jpg,ok,True,1029.6056259999204,0.7234490424295077,segmentation
48d3c59a99b2b5a5b9f1eb7d5ba63b60_jpg.rf.D68KpuRG3eCkYkYj80BU.jpg,ok,True,978.9258789996893,0.7235254983543216,segmentation
c5172afbdad90854b3d0f21a923c0c69_jpg.rf.Er57PAmsoofhIUga9vUu.jpg,ok,True,961.0402160001286,0.7255276406558664,segmentation
a4ebf4c268d80c4fe329331ea981b3a1_jpg.rf.SeLMrb8aF1fGyj9DlhRi.jpg,ok,True,1359.0492739999718,0.7263031655052775,segmentation
a20eb4bb3cea2e394cfcf9ed969b628e_jpg.rf.5KRwGNQG7awFhB1AQYJg.jpg,ok,True,980.5295040000601,0.7266343959515124,segmentation
859e7157c6d544236a67463c08169b6e_jpg.rf.Qc6oy5k2RglQTviZgU8N.jpg,ok,True,1205.4252390003057,0.7273184442105465,segmentation
3161933dffedf8a859d6623a99492c53_jpg.rf.sc9ylyRmzYULyJslZfxz.jpg,ok,True,955.7863380000526,0.7280607007891295,segmentation
59727dce26aaa6100078810b61404069_jpg.rf.uNgrw2KhlJgSFCeBwlus.jpg,ok,True,984.1328709999289,0.7285234521859475,segmentation
e8480d7fb9881d8a0e88b7be4d103f6d_jpg.rf.qbG2M9gcpcCvMwNfNcsp.jpg,ok,True,964.5800150001378,0.7296660069397514,segmentation
9fc54a45feb5b01db8f6828d181fb075_jpg.rf.HpROLc4CrQKfFkJz8GnZ.jpg,ok,True,975.9894459998577,0.7320160397483325,segmentation
578029c06939a788cd5606ad17b49fb9_jpg.rf.6t5Efpz5pG1RMjwUXgS8.jpg,ok,True,1005.8507290000307,0.7322317263709602,segmentation
3aafc2d38807dddd1b43a54cb70f500d_jpg.rf.07GenBXB5DprVDHjAX0Q.jpg,ok,True,936.3916590000372,0.7326906840669082,segmentation
IMG_0166_JPG_jpg.rf.R5liQ0dKu9zTS6GGKTXU.jpg,ok,True,949.8647200002779,0.7370216079860904,segmentation
eb9e7928e756c3cf9164e7afc08c4653_jpg.rf.EiaFiJ7Cry5Wov63Hxcb.jpg,ok,True,927.3733300001368,0.7413538283892901,segmentation
f3302c754c6fd42130014199ee327d10_jpg.rf.V7WnPDfKVcmNZ6dHhP8z.jpg,ok,True,1027.4055280001448,0.7414970644923017,segmentation
IMG_0170_JPG_jpg.rf.HDQMhXaQnPj3AMHKIxhA.jpg,ok,True,1436.3554530000329,0.7433064803651002,segmentation
6ba74e310dd824af891d057d674cedb9_jpg.rf.djPAu1gV2zdy7uP0gbz0.jpg,ok,True,951.0726700000305,0.7434927034868789,segmentation
93557fc861304f7753089c244bc1e33e_jpg.rf.ExEUuUIECexaJFDHFu6X.jpg,ok,True,899.8291530001552,0.744132717642372,segmentation
edd285915356686fb53fb52c1ded0e53_jpg.rf.iavnF9OpB2yueJa6LiZc.jpg,ok,True,919.4673749998401,0.7450628749763494,segmentation
IMG_0317_JPG_jpg.rf.vyTjJcCZPVekunqEnWTX.jpg,ok,True,1343.5376150000593,0.7454646434986693,segmentation
IMG_0318_JPG_jpg.rf.9n0DHRn7LqyrLlze2Yan.jpg,ok,True,1453.0982460000814,0.7456610686766888,segmentation
998222d9c93f1640829d4f0032dbf3e8_jpg.rf.NpxYIH95czukGp2tkRAU.jpg,ok,True,1410.8953620002467,0.7462930700634549,segmentation
a3863d0be6002c21b20ac88817b2c56f_jpg.rf.f208q4Cg0Y0dOyQQZROA.jpg,ok,True,1035.920410000017,0.747964644388812,segmentation
4939035108d04ee672570a7cc937e270_jpg.rf.yTgQ5ghdqd2s5OvAFXXG.jpg,ok,True,1009.365895999963,0.7491124688078727,segmentation
f587402be410b424bcbbac06e1dc6162_jpg.rf.QE1qoomGcaTRHwtN8rNB.jpg,ok,True,1442.6752220001617,0.7501975908054063,segmentation
9c5fb0c3cfd7b334a247cd87c139e8e6_jpg.rf.6lRNzuN2b1FwzeJAKRuO.jpg,ok,True,988.724818999799,0.7503289299234054,segmentation
49f78dc9aaeadd0c76ed2def75c358f3_jpg.rf.Ap41QGhpGGDArpIMWkm1.jpg,ok,True,1033.3867869999267,0.7520061691206593,segmentation
3bab0eaaeb63a2ac9ae4942df4006a25_jpg.rf.HecRnmxydTLos9ftlOPN.jpg,ok,True,922.5850839998202,0.7522918729937601,segmentation
ddad9dc4d945006d66f5349d64498559_jpg.rf.QDAeiVqNywkdpj6Y0E16.jpg,ok,True,870.5143409997618,0.7541221467462174,segmentation
8de03901c64a80070048ead3fb0d32bd_jpg.rf.tjz1J48dKcHeupcLrzCj.jpg,ok,True,1152.6456799997504,0.755245986459281,segmentation
675619f2c8078824cfd182cec2eeba95_jpg.rf.e7DhCH3q96agnucDKtmT.jpg,ok,True,1509.3545219997395,0.7554449602880695,segmentation
e6e3a2ff2c75970490079f00136885ad_jpg.rf.ofEITIAQHYLdPhU5LI84.jpg,ok,True,921.9488889998502,0.7567004706623164,segmentation
9e943906fba1ec89edfacb2dd7976504_jpg.rf.wNnz6kUwCfV7WmWQ2b6P.jpg,ok,True,980.8299939995777,0.7575380200164428,segmentation
104ec0199cb67e1a359b1b0845ee66f3_jpg.rf.CmiIx57FgmI17Ft64Jr7.jpg,ok,True,925.7607439999447,0.7579941238404563,segmentation
ce54969567273b9b8a275812ff56e16c_jpg.rf.vUxRBlE3CR5npYBtImjt.jpg,ok,True,1414.2029130002811,0.7581342370338026,segmentation
13106bbc80a01cc413c2ab5052d2ec25_jpg.rf.urKYtZ45eUEYE8JFEj5n.jpg,ok,True,1245.6500199996299,0.759141043266719,segmentation
3914be0cea4aa8a6bbd1081ec3b034a7_jpg.rf.sLWK55J7qg7hl6t5yHJJ.jpg,ok,True,1064.104455999768,0.7593298525169675,segmentation
ca869123d8a0cbcc6e54f4a445e5a78a_jpg.rf.jgi60VDKy8rJPwixo60d.jpg,ok,True,988.9199230001395,0.7593604007278034,segmentation
97ed198b00b5491747d3b425df8e7096_jpg.rf.pp5GWDIXjdgI3O8TCKdw.jpg,ok,True,995.7835579998573,0.7594121894996364,segmentation
5825608dccde6544eef91822136079d0_jpg.rf.2d6POAlJpLRZUVMZQfhf.jpg,ok,True,1004.9304529998153,0.7608954870939129,segmentation
05ad7223827a29a8283f6c4b2490f52f_jpg.rf.q42lGzqjxudm3Gj5JFjp.jpg,ok,True,1461.6748290000032,0.7609372201819783,segmentation
0cf670506bf9e0fe587647cd62caa232_jpg.rf.zlAcMO1KagZL3vZaQZZj.jpg,ok,True,986.713896999845,0.7620218298639913,segmentation
d4f7caf01359b9a757c930140f746fad_jpg.rf.ZNf60GXF6OeejzLIcbbW.jpg,ok,True,1539.5163880002656,0.7623910878665342,segmentation
d67b5b9e900409b050dd9bd594f90709_jpg.rf.Rpg2p7nGfDg0fxuHb1Ab.jpg,ok,True,970.072663999872,0.762662388587297,segmentation
cf2784fa97151d5316b2961b1e62dc45_jpg.rf.OI2BoH6hYaj9AxM8wCUN.jpg,ok,True,1461.719334999998,0.7641923470841294,segmentation
03d3ff4582c8125d69c19a72f846bec8_jpg.rf.CdJ2jiQvvo6bTRk5Pznd.jpg,ok,True,3141.4915079999446,0.7646402297979824,segmentation
99ee6574b2a7afc0bb06269bbcf49a4c_jpg.rf.XRHKwxAuCjbSbMCe6sAo.jpg,ok,True,1533.2486580000477,0.7648424658486949,segmentation
ea799d77875c399618c45cd9409f34ee_jpg.rf.D6GREwVWKudrk5yubder.jpg,ok,True,820.3679539997211,0.7651036702126756,segmentation
479459fe5c8213a84fd55ba82f2670b1_jpg.rf.OahONbE927UYJxRJ5H8d.jpg,ok,True,977.8476289998252,0.7656393134307857,segmentation
9d776e74e90c4f8092b060dd7567e2f8_jpg.rf.qCD58RoqLAqkVbsYkPzu.jpg,ok,True,971.9667389999813,0.7670463915888932,segmentation
6bb6f7cb96bf37230681d12ff7882f61_jpg.rf.QVOTyJDCOWYmNFUu3WGu.jpg,ok,True,924.0785100000721,0.7671619913539465,segmentation
e1616dc9962fed075576ac4ea3553f51_jpg.rf.VxnF21ML0Aydx2nTzppR.jpg,ok,True,1295.4350120003255,0.7672975240733588,segmentation
79e744a68d6e6f83be0a9e8761ea66a4_jpg.rf.6awcBEOZqh1mp9co9xLX.jpg,ok,True,1015.0601559998904,0.7676944863273025,segmentation
IMG_0297_JPG_jpg.rf.Gf4tDjwihq6apjtk6Yoj.jpg,ok,True,941.1145670001133,0.7686243559610751,segmentation
34ad1966ae7a17d4502ca141413ed8d2_jpg.rf.1MHYkjl6QATWJbpglDf6.jpg,ok,True,1099.5418540001083,0.7688892682042145,segmentation
495019998442ddf85b59e387d4916cd3_jpg.rf.5c6zJWudRlDrY8wwUQ5b.jpg,ok,True,1472.890199000176,0.7690238582528441,segmentation
285d7c487a4e20ad832a74acb527b77f_jpg.rf.FVAOeXlH2NZVK3IXXOwi.jpg,ok,True,927.7308349996929,0.7698701066967105,segmentation
ec4c30d88ecc70b6a3e76dbd9b17324a_jpg.rf.cE15IOxDiFWOn9q9wU8N.jpg,ok,True,1025.365254999997,0.771000102640558,segmentation
9962a4d44388b9008aa0f466e4f4052c_jpg.rf.0JxOisp5TOf9PCFH5NPq.jpg,ok,True,1015.124848999676,0.7728934295131968,segmentation
3730ef213ac6aad431475a9ab28f349a_jpg.rf.kjPxVzgr984f6c18WYIv.jpg,ok,True,1369.0145639998264,0.7733493991591276,segmentation
8f84f1945fd993facc3368d13345f333_jpg.rf.MQq7J49S0dyXfUNwN3Bs.jpg,ok,True,1344.4385089997013,0.7734001387303758,segmentation
f02d615907c77dc15f02bd1372e4398f_jpg.rf.9kH3tSSVbySIbYPDZ29l.jpg,ok,True,1004.1587390001041,0.7735614324654169,segmentation
66f3c2c7c10a9263de9c6e056ba5c1b9_jpg.rf.J8JL2dDK2GpI45OEtcdj.jpg,ok,True,946.711938000135,0.7736186145565694,segmentation
8ff752f9ed443e6e49d495abfceb2032_jpg.rf.1rCqnCtjo91nxQu1SYDS.jpg,ok,True,904.6351769998182,0.7738331128727507,segmentation
1a8a4abcba7c4ead35c01f05b9fae8e5_jpg.rf.NKSm1JGBcaSXpq5M25C2.jpg,ok,True,953.3817069996076,0.774577187911556,segmentation
292b0ddcacad7de06a628980954b6993_jpg.rf.OYzJiUveuNWJQAvb1PbU.jpg,ok,True,950.7731449998573,0.7746758980646685,segmentation
302e7c10664be32b4fc000452149027c_jpg.rf.w0bXRKdNwqrRv5Ga1nsf.jpg,ok,True,910.4321660001915,0.7752141106328968,segmentation
8ff64b3f770bfe96bdffc629efd16460_jpg.rf.1yM0xGdl4IWLTu0EA6fk.jpg,ok,True,906.7173240000557,0.7774878659004982,segmentation
a9768de3fceeeae2618f362870fb9a88_jpg.rf.pAYFTIrdhV7WKrPuvWxG.jpg,ok,True,969.6130349998384,0.7777759883970043,segmentation
65ba27557c78850168b1df70a3ce4ff7_jpg.rf.SHgsJPnNcUITddcEgzqE.jpg,ok,True,929.4637859998147,0.7789091432599609,segmentation
49c2afbbe5726160b289f7c0c62cdace_jpg.rf.l9StEZDZtcpa6hYEmbFe.jpg,ok,True,1473.1175150000126,0.7791899972924403,segmentation
c20ca9283ea51ac7707905894a7da703_jpg.rf.4Dxb3pgUwhlAioP7K1sr.jpg,ok,True,1470.480702000259,0.7793041685101696,segmentation
d795f84f39716798482fb2937868ed8a_jpg.rf.mKPWioeznLDGifRZstwJ.jpg,ok,True,956.100523999794,0.7798772061233846,segmentation
IMG_0159_JPG_jpg.rf.pcAr3nWkWaHoDaznNeis.jpg,ok,True,956.3308820002021,0.7803585014059392,segmentation
beb11566e59775b61f0ca369952067cc_jpg.rf.5hdy1RWnFsbnl0K9lmEM.jpg,ok,True,1048.872534000111,0.7803591069040307,segmentation
d33c33de41dbe1a95a43212c58fd12b7_jpg.rf.oKCrFwsd1OitQ5mDq97o.jpg,ok,True,1016.638137999962,0.7805409682366776,segmentation
54a90aab8c73562975cc560d51a9d2d1_jpg.rf.zNay9NHjwyseu7ovUcIR.jpg,ok,True,1535.2111509996575,0.7807498987843442,segmentation
9146a6989dac08f1769e677064ebfb49_jpg.rf.JGX1wQDEaIkKKvTJHfUo.jpg,ok,True,981.4632899997378,0.780821502933939,segmentation
e7edc4f1b8d3cc1069b96d0358e066c9_jpg.rf.KUmPhG6HrXQw0RZmZtEp.jpg,ok,True,962.1650690000934,0.7815880027972114,segmentation
31419854b103ca6becc4cc394c449e95_jpg.rf.MoYhISqY0mrgeEujb7K1.jpg,ok,True,947.3515810000208,0.7817439359762195,segmentation
3474d785b1b21d68163f56aa00a92bc9_jpg.rf.lKkbkwIrMoX6rU2AxZS5.jpg,ok,True,893.2817380000415,0.7818276242593439,segmentation
92992ff9c823e0420bf17e71db9ef4ef_jpg.rf.1cWEqMH9cHXh3Eei7Zwd.jpg,ok,True,986.4995749999252,0.7819906650843061,segmentation
3312e3bb60e338e9c1a614f0f8960dd8_jpg.rf.kdLC3ejqqo3kfA81FOA6.jpg,ok,True,958.3364619998065,0.7822782332944394,segmentation
aec1aa6773dbbe004554f405cdef2bea_jpg.rf.akk6pVW2klGR7B6Y1nM4.jpg,ok,True,913.6645270000372,0.7829142531002145,segmentation
7a34d8620235048917b28bcfd3b5572b_jpg.rf.9pV7DZWiGnr4pCE0LzMt.jpg,ok,True,972.3428659999627,0.7834856699563315,segmentation
76e118acf05a8ebe06957f8882cc06aa_jpg.rf.ARvKD9Ua1d4h0g00kUKG.jpg,ok,True,1042.5827670001127,0.7835274204541649,segmentation
36066ba85572ce99198f1a21c2c8bbff_jpg.rf.hGRGtaGt3E2I3nodhOPN.jpg,ok,True,1390.6279999996514,0.7840223495599361,segmentation
ef1d425fd5370fbf8b7adea43b755304_jpg.rf.GTP0VHiCwFHt8N1Etov5.jpg,ok,True,954.0914689996498,0.7841397627643115,segmentation
383c2ed7bbe2d327ab55a871db497c33_jpg.rf.FEsb6X7GaNwbhzTaLtTX.jpg,ok,True,953.1742730000587,0.7851376246207196,segmentation
6f0a888f9e5aed9516e336fd04723ce1_jpg.rf.Rvvwhnlc7K1ymf5HY4pm.jpg,ok,True,954.6959009999227,0.785374944928513,segmentation
b0f3d66c8be13f5f6aa25b67a06bdcfa_jpg.rf.0odBNgZnfwqxHzTWu08q.jpg,ok,True,931.2645670001984,0.7864233698489383,segmentation
0115e4df73475b550e5c6f7a88b2474f_jpg.rf.MGZokKOBcnlIjJhSCpJy.jpg,ok,True,1178.7603749999107,0.7865788732249651,segmentation
040f2bcba5afce3afafdd5bbf36d2ca5_jpg.rf.5VbRNNby25o9NFZa6qE5.jpg,ok,True,2453.4870040001806,0.7874646806667923,segmentation
IMG_0299_JPG_jpg.rf.TGMbdvZfGyOGFj3tLaFH.jpg,ok,True,917.5317379999797,0.7878579500398653,segmentation
2f6fb003bb89cd401322a535acb42f65_jpg.rf.9scNvsuNhCAfPGeRJOs6.jpg,ok,True,1307.9297709996354,0.7881466993901547,segmentation
1b4ccdf7d5ff45dc6c3885243bde5af2_jpg.rf.znp9kuUoVLIlhH94j0Z2.jpg,ok,True,1075.2618229998916,0.7885758258718645,segmentation
b79ae5b70de58089ead6e32b235e30d3_jpg.rf.n9pbOE50ILluuOVFLID0.jpg,ok,True,1010.4602440001145,0.7890120311466754,segmentation
b7a8c7de4fe1382d69f58ac97e819b5c_jpg.rf.i8vNtJ0URGnyOWjawQMZ.jpg,ok,True,1079.982561000179,0.7896741116117975,segmentation
8d6f722eadc015a393bd490f9b7a85e6_jpg.rf.V6kW9NJ4x1w9ccoVwpBH.jpg,ok,True,952.5496999999632,0.7899355127014109,segmentation
969daa72bd7804ea1212e191820249b0_jpg.rf.cmuHnJ8YTRf1OFH6SVHs.jpg,ok,True,951.0206720001406,0.7900550478223889,segmentation
6a41b6c8201604216ad196f842c6a2c6_jpg.rf.lONE5qzNiwFgyLM3HKcN.jpg,ok,True,955.2421729999878,0.7900758863219531,segmentation
c7890b749d14d3488066cbdfac4620fd_jpg.rf.c19wQHh26nOf2r78oWjG.jpg,ok,True,995.0781669999742,0.7912084996667467,segmentation
4894f034a55eaa9252cd261a62b11d27_jpg.rf.yEokUaDkA8S1iKdDTxeE.jpg,ok,True,944.4906940002511,0.7917463640749931,segmentation
57d1d1fb35ed875f9e770660bb03b6d7_jpg.rf.qV3UDIIJk7R7n0EwHhaZ.jpg,ok,True,939.7800860001553,0.7918166329666797,segmentation
d114edc5cb4cae0ceb2f152afd15f57d_jpg.rf.9VJsec6QOpPzwKcilwGH.jpg,ok,True,918.1993769998371,0.7918318208266227,segmentation
8d796de64b9eed1ffd5ebe550d4ca807_jpg.rf.GDHRDXfypOweSLVpxt2E.jpg,ok,True,949.3678650001129,0.7930621395533998,segmentation
IMG_0294_JPG_jpg.rf.S8XKcbfJPsQjZV1xZNwx.jpg,ok,True,893.0511660000775,0.7934002573779231,segmentation
e4583d082076b2b549b3736ad1b193c9_jpg.rf.o8rh6VQ7vSXvLnv2TtgJ.jpg,ok,True,922.1511430000646,0.7937970215931227,segmentation
7e862b85e33cd247ed66447d129e5fb4_jpg.rf.UkqgbVuBkliPU8AVBtOD.jpg,ok,True,1022.8362449997803,0.7947313455565509,segmentation
61567b97353acc18ba9e8aac0f111326_jpg.rf.os2NlGJkmsOfeEYn8Bfj.jpg,ok,True,960.4613870001231,0.794745758822338,segmentation
abd65798d9952a27e087710eb8bddf32_jpg.rf.yKYmrXpOZTBsOr6m8pVU.jpg,ok,True,953.1202839998514,0.7948248174390469,segmentation
47e842dd95735a11cf92c0ddf1161193_jpg.rf.U6BkBIHuZtRvC4r2P5uS.jpg,ok,True,950.893391000136,0.7956747767880562,segmentation
6859628a422c1b72be8b074841cd943e_jpg.rf.82eoW5VYbVCkbDPH4XMq.jpg,ok,True,944.3893069997102,0.7956982830133503,segmentation
239c409d5c09b493fed01a70a3cda4bc_jpg.rf.I3HTJUgtSNGn0yX438qq.jpg,ok,True,999.2314850001094,0.795892125283298,segmentation
1a530d578f3f0bf3497bfeff3d953025_jpg.rf.lM1U2JMrzqtYTjftohZX.jpg,ok,True,962.9461479999009,0.7966767161309127,segmentation
4d7820ad9fb4fe69d5168e1d7317dd02_jpg.rf.FBOrAR5veqjtCS3WbCDh.jpg,ok,True,971.3590070000464,0.7973032476250779,segmentation
2ee0fd0963465ba29d8f27c6e605c55d_jpg.rf.XgDanOffoVkB3Vmv4dXy.jpg,ok,True,964.368660999753,0.7985858999962484,segmentation
d6e283a49b0395a6d5867c9e98e32045_jpg.rf.VlAGRt7783u3gF4GTsPz.jpg,ok,True,932.1106869997493,0.7993237446328543,segmentation
f52e1873b8583f8bf4f7ddf6e9649f07_jpg.rf.VHTXW0DoIL1XgOgNZO1n.jpg,ok,True,968.8030440001967,0.8011459019891665,segmentation
254f92b18b2a81f88b85e7aed3cabc61_jpg.rf.tYuUKFXmPCMsKnKjAv8P.jpg,ok,True,965.123665000192,0.8050414346587196,segmentation
5cecd3b3946aac5c713a51e0bd4617c9_jpg.rf.hy0XR2oQtKxR5uzdZMv2.jpg,ok,True,1639.1322819999914,0.8054729617073306,segmentation
3796db002cba7265bd32b0161ddd9127_jpg.rf.LmzHkrmxQiqiTTsV3AG7.jpg,ok,True,903.7359999997534,0.8070187179646807,segmentation
1728cd731489df8bb8e0396e178fe393_jpg.rf.aaSYQpDxG4J563ZyPrMg.jpg,ok,True,922.1669779999502,0.8087399973340558,segmentation
81f5c542ffe0f9eae4df59d29acbcced_jpg.rf.8zpImtePfeR7T2esnbF4.jpg,ok,True,1525.9503110000878,0.8091480762446281,segmentation
c0d68e012bb93c14bc333fc1d5e52621_jpg.rf.utdeUQfW18s0nVdfAiOU.jpg,ok,True,951.6393459998653,0.80934336061434,segmentation
00bc0cacffdebe6b11bdeec56f63ee49_jpg.rf.UeIalh1bhfXlMPNMd9qy.jpg,ok,True,1333.5031209999215,0.8096142913037745,segmentation
d494cb268ad7f9f55587de138edc1dc4_jpg.rf.XhbIkBhWyZta7EIVU2Tb.jpg,ok,True,1484.3745709999894,0.8099667757298602,segmentation
6589f4cfb37439d7d276f0d70f7ee1f0_jpg.rf.ro0gC4Ntl7BaxDZFKMKp.jpg,ok,True,956.7236070001854,0.8104395510492873,segmentation
73a38a5c8f8f1b09f093f304660d5326_jpg.rf.hq2ShZ0NK5z1zUX7cVcD.jpg,ok,True,987.2958559999461,0.8106773502282679,segmentation
d3b9309d00a2b671407b918ea867a935_jpg.rf.aRo6nfLUXyNUcXM0URP4.jpg,ok,True,921.4308229998096,0.8115292744585276,segmentation
ec418cafd39d7c5a69cc0642a08b2a08_jpg.rf.PfCGPGbwI245O3giGuYx.jpg,ok,True,966.6689910000059,0.8122870579791321,segmentation
33b66ede234715fb46db40b33c4e26c1_jpg.rf.LrjCPZGThqqGH1BKkKOL.jpg,ok,True,922.6404480000383,0.8137006600086186,segmentation
8678864272a0a04c4c65ca96324105b4_jpg.rf.SCrbQiKbl6IKgKVlPkUw.jpg,ok,True,971.8205799999851,0.81929066166221,segmentation
76d01bada90581f55f1ae64c062cafcf_jpg.rf.Z4J2RsneRw1u0yxN7d19.jpg,ok,True,936.9060200001513,0.8196516231024571,segmentation
0798bfb058da59d189c1bfadcf814f29_jpg.rf.UhbR7RGg62OhrjmS5fym.jpg,ok,True,926.693688999876,0.8199895978651319,segmentation
c5a012dfa72816098d23fc8baee67834_jpg.rf.WX8nCbOelFnxGRjcgk9M.jpg,ok,True,933.1165419998797,0.820070775611399,segmentation
300f80826bbb7dc4bf83e148614f2f77_jpg.rf.uFtdKPlCYFos9MDKWnd9.jpg,ok,True,1108.475989999988,0.8200835269047454,segmentation
IMG_0291_JPG_jpg.rf.VNt4kfDqvtE0SYNertVj.jpg,ok,True,1484.8901350001142,0.8208038634730978,segmentation
f041d3171dfe3137390c85fc5437e447_jpg.rf.yRCiNLyCYET6XMDQHmJw.jpg,ok,True,992.7451479998126,0.820981107646449,segmentation
0301b7f9ed4d5ba503fda79fc4370c29_jpg.rf.F3nEFKMliFZXsjGVWSFL.jpg,ok,True,3134.25863700013,0.8220461436120805,segmentation
3e8fb24addda1a0945bd6b7777bc4018_jpg.rf.iKVXLVBXMTWVkVOBNI6o.jpg,ok,True,1459.8159619999933,0.8223762611597718,segmentation
37fe05bcf7d8568a9e55b569afdbccbd_jpg.rf.1xywJ5feE0wm2KCVz4KW.jpg,ok,True,970.8510620002926,0.8227830328577468,segmentation
1c0060ef868bdc326ce5e6389cb6732f_jpg.rf.1AuXAOOC6n4ailFPTtsi.jpg,ok,True,1454.0479289998984,0.823501684001561,segmentation
a9987cf6cc5c6545818ec294d4a5bb9b_jpg.rf.jW6YnE4QGPoCOZauZjEF.jpg,ok,True,912.1616410002389,0.8240819281772502,segmentation
d9acc69c5d57623cda22786e309201c9_jpg.rf.qsctfjLdBdezqdLUjPpP.jpg,ok,True,969.8192320001908,0.8241568702129255,segmentation
fa4e2b9a8cf58f405f69a56c662834f2_jpg.rf.e7x65V2feXFoY5p2mdTQ.jpg,ok,True,952.0759970000654,0.8243385639004412,segmentation
IMG_0295_JPG_jpg.rf.ozgbWSVAa0uty9Nm19Ot.jpg,ok,True,989.5055330002833,0.8245027580764008,segmentation
7df16cd59fb40e0691948cc805e4801b_jpg.rf.YGjW2Jdpjq8g9qrbxQfw.jpg,ok,True,1083.196826999938,0.8246825160236555,segmentation
d9ef98145d7d35393c75a51331a20e2c_jpg.rf.ymMUDYWhY37KCFlcRUiK.jpg,ok,True,973.9785960000518,0.8251189461213552,segmentation
699edbacbfee5e6d4d6d2189bc88990a_jpg.rf.qzr6udJ6kMB2cj9nZaws.jpg,ok,True,930.6718440002442,0.825317200398002,segmentation
446e75de1ffefc2115e79696bcf0e357_jpg.rf.bvlqfutOZqWCtVZtpEPP.jpg,ok,True,971.2854149997838,0.8254101578452321,segmentation
IMG_0311_JPG_jpg.rf.MI7XQoDBqEOcgDtWnomT.jpg,ok,True,977.3395170000185,0.825510760055157,segmentation
cae099fe41d6aa30033d71e433c33c8d_jpg.rf.Lu8NF5Ob7IQ2XFDvabOt.jpg,ok,True,1002.2163180001371,0.82618760426303,segmentation
e79deba8fe520409790b601ad61da4ee_jpg.rf.X5Xu7DewNhuCBR3ZHaKC.jpg,ok,True,932.3701289999917,0.8279070545545035,segmentation
614aadadb4a7f5b475b027b8e11398ee_jpg.rf.LAozkfTB8vjY4CUHD5F4.jpg,ok,True,981.6345360000014,0.8279131286793759,segmentation
6179b463c8f503445e213b706d2a4de5_jpg.rf.GpLsOOvL7g3nz9FXKHiy.jpg,ok,True,1041.3047450001613,0.8282129198488717,segmentation
IMG_0320_JPG_jpg.rf.qeeZH93gcOCIF9F3InHD.jpg,ok,True,969.4587429999046,0.8284302282998676,segmentation
2fe75c34fd54e960146fb8b0ad8b3fd6_jpg.rf.wubHX8zzWGfDmlIpsM7U.jpg,ok,True,1566.4991769999688,0.8284952577495379,segmentation
c76c79e40bd9839a05237934cfa89ca3_jpg.rf.YlBB4mw3G7pPqerjB92O.jpg,ok,True,882.482481000352,0.8288826841742506,segmentation
03886821377011fec599e8fa12d86e89_jpg.rf.zQhDHVTwrax80bl2kdsc.jpg,ok,True,3320.443093999984,0.8289348463624869,segmentation
b5bcde459ca36f0d1f3c20e751336672_jpg.rf.XpmkTtnDbeclyxKgmuTT.jpg,ok,True,950.7788399996571,0.8295434488516171,segmentation
8ec14357f5f18fb98db86e0283623150_jpg.rf.YvCQJSvqRxJSMhrkJ6lF.jpg,ok,True,1414.7131710001304,0.829717763705794,segmentation
7e97f49e613a59a70b833e4c0b2c1c04_jpg.rf.yieDKM6vjdHirEPRozaH.jpg,ok,True,890.1964350002345,0.8298134434136074,segmentation
410993714e325a1de3e394ffe860df3a_jpg.rf.oZuezx97422fBG6lMzCm.jpg,ok,True,1381.6197660003127,0.829890910817516,segmentation
86afe95de5471af5cef08e6ae4d9acbb_jpg.rf.xDRpjx9ArUlRfTsheHhn.jpg,ok,True,1038.7823400001253,0.8301451111556047,segmentation
0d9afc3d23392c3958f53d7fe71fd2f1_jpg.rf.yC6Z3u0f3TlSTzjHLw0R.jpg,ok,True,922.4581269995724,0.8305122353405386,segmentation
6e2dd4604b3a51d9be11b8809ed03803_jpg.rf.uiWbrAFyOdM62qpwovcI.jpg,ok,True,966.7373190000035,0.8306416624258384,segmentation
f1a24b6bb778ee11ba33687415aa84f2_jpg.rf.3N4dJ5bjKj9b1mSXPb4Y.jpg,ok,True,989.8051660002238,0.8306570995388406,segmentation
3e0c67f38992fe16dfc163f7f5336263_jpg.rf.Gk7xPrJJNHntyu11X4Mo.jpg,ok,True,1110.7053340001585,0.8309948885507361,segmentation
cf4769d0586df6b3fb0dc618d9f8abe6_jpg.rf.22nCNpdskDWxHHcHGpPc.jpg,ok,True,1014.6423840001262,0.8310191876139774,segmentation
IMG_0292_JPG_jpg.rf.D1ALMZmGr10gzMQlE4LO.jpg,ok,True,984.3795030001274,0.8312854691651099,segmentation
759a86e63667ca033255c4ab438dd392_jpg.rf.D2vaxm4WYe3CW3fHCm2r.jpg,ok,True,1082.5304449999749,0.8315273272916326,segmentation
5c19d3260762f5daa632d952bc0074d6_jpg.rf.w0VxD9zOozC5h1alwafi.jpg,ok,True,968.2516609996128,0.8316649744328393,segmentation
fc9d7bc0453cb3324406401c00224d30_jpg.rf.dwwyKsjeVDK9maygdGJs.jpg,ok,True,939.1014589996303,0.8316691954008516,segmentation
a5c65b40e0be3480c0ecfacaab399a87_jpg.rf.Xm4rhfx4EFA9PwcfDUve.jpg,ok,True,899.2552910003724,0.8323694030828303,segmentation
247f9cf35a263dc7dd7886b187fd5480_jpg.rf.67mFWPlObexN0I9tsHjE.jpg,ok,True,982.7502220000497,0.8324000655914604,segmentation
c46bf04050a2a9323dfe563e8813602f_jpg.rf.p9sND8cOV6y5xlvHAQGY.jpg,ok,True,968.1796670001859,0.8324650708558887,segmentation
55be99616328f83dcbfe8c18e1387c0e_jpg.rf.ykivp3BBH4TtmgXhTxpm.jpg,ok,True,885.239676999845,0.833188520246031,segmentation
749e9074a77f8d34d86e2218f26cdab4_jpg.rf.cODBfuCm3by3W5PM5AIM.jpg,ok,True,1478.5770299999967,0.8332725811990519,segmentation
d079f4e77b2445abceca7534356db743_jpg.rf.e1BMfI50VBWn2aRK0x9d.jpg,ok,True,1006.800812000165,0.8336623617666288,segmentation
23988893ef7381fece6d1ef32ef5428f_jpg.rf.izofozbGGUAimZNpQfkH.jpg,ok,True,975.018240999816,0.8337945488666065,segmentation
5a35ba2ec3e0d0b2b12b1758a8ac29aa_jpg.rf.fG8FhGKpPo0H6piFpKXw.jpg,ok,True,913.6015229996701,0.8339985165080622,segmentation
0b47311f426ff926578c9d738d683e76_jpg.rf.24TJ7frq83PNjYgb771C.jpg,ok,True,890.5734820000362,0.8340179775162323,segmentation
e40003d4bbcdac7196b9502bfe2fb6ed_jpg.rf.MswvcOybRO3tE8hsfiaJ.jpg,ok,True,1467.1311970000716,0.8343665101977122,segmentation
0c09b79cff39932c59ecc745dd827906_jpg.rf.UGoxMK9kAQ8u8XyDFssB.jpg,ok,True,917.3603260001073,0.8345295519869318,segmentation
fb586797e8ad818c7e3e3a6411f73d84_jpg.rf.Ji6eA2MhOmcFn1ArGzq4.jpg,ok,True,1044.595106000088,0.8345905952007848,segmentation
5e71cb8d41c333a18e799ef0004b040c_jpg.rf.hPWB2JJDjqpMClzasf6d.jpg,ok,True,2115.7538770003157,0.8356562538780619,segmentation
fb7d97265a22bb1c1f908dadc6f9e7dc_jpg.rf.T0mBSjprKXrdW5Q29n4r.jpg,ok,True,1012.6827809999668,0.8356829801425578,segmentation
26fa37995fa5b18ec40e0a94e6d91104_jpg.rf.9KUQUmSzc5PPWDEs7yHS.jpg,ok,True,973.9208749997488,0.835753833939242,segmentation
ca6484c259f286c5bdf1afefc868b753_jpg.rf.PHzbOcLZjWZgWg4IjpKH.jpg,ok,True,1007.3894509996535,0.8357922536883805,segmentation
685b860d412b91f5d4f7f9e643b84452_jpg.rf.Tzf9MGhaRlTKrz9iwJPj.jpg,ok,True,933.2665930000985,0.835844892846564,segmentation
4ae38537a74c5ed10d5223f8066659fc_jpg.rf.0oGfaQEeDG2QActZO79e.jpg,ok,True,886.0182610001175,0.8362741666820168,segmentation
0b2252c93c53e1b2e61d485b22328e2e_jpg.rf.6WLOyNUrCIKfa1ExYmeN.jpg,ok,True,894.1755559999365,0.8364570532649689,segmentation
04aed88a8d23cf27e47806eb23948495_jpg.rf.YzRZdtv35NYVXTpVYZ8J.jpg,ok,True,1094.123209999907,0.8364973149252848,segmentation
05de676d5078dc0a13796f3f627993ef_jpg.rf.hs4GRxzPvPp27sKBkuHI.jpg,ok,True,1564.7287050001069,0.8365119091077514,segmentation
e0d38d159ad3a801d0304d7e275812cc_jpg.rf.6PBCDiOZm6DHgHmGhyG2.jpg,ok,True,952.8260570000384,0.8367891631322755,segmentation
7ee8d13861bdc45e40a7cfe190a8d8a6_jpg.rf.9xqKl41PBRCoa5hfbfUH.jpg,ok,True,1240.6704029999673,0.83683710590804,segmentation
b5102d7f9740eee7754ed268becb2163_jpg.rf.a52VcJCxU02GHIndMX2a.jpg,ok,True,1405.0180619997263,0.8370869851985592,segmentation
5758322233deed7ae7adc23536db2a4f_jpg.rf.RlJwgfb8lUgWekipCcMs.jpg,ok,True,1315.8054810000976,0.8371349851983779,segmentation
d415969922564f317be0d1433330626f_jpg.rf.MofWt2genDzSnIiwV99Q.jpg,ok,True,943.9458619999641,0.8375253471523817,segmentation
bb54af2f0b83b174aecc29328c8fa001_jpg.rf.VDH9RhAZn1DpBPqcYSx7.jpg,ok,True,914.7595210001782,0.8376941334623923,segmentation
793c79d55c8a252b7a954d074b1d6498_jpg.rf.f2sdUyp3vdkP3aICxwPm.jpg,ok,True,850.9855910001534,0.8383009840448412,segmentation
73e6a751c50604d017541c11b28d8417_jpg.rf.e7g9r3WjVsKOhFz7rG4J.jpg,ok,True,1271.509462999802,0.8383979177059311,segmentation
196829feb704a34a4e471155f14bdd80_jpg.rf.RdUaLwU7ZtUw5hDH8Wjg.jpg,ok,True,890.1955940000335,0.8386749660367516,segmentation
de60ba81aa78387928e4bdc11f3be301_jpg.rf.JejdYP6jPbGAIZGRyVJ3.jpg,ok,True,982.9302840003038,0.8387219324732363,segmentation
48e115dcbf1b3a67ca47a75a92da3f33_jpg.rf.hwVAGleuCSgVtJXkLzr8.jpg,ok,True,948.4737889997632,0.8387284049224943,segmentation
b3b002461f1c6b432e22964549767e5f_jpg.rf.47w8ElAMco0JkWxkq7Qx.jpg,ok,True,1062.386847000198,0.8389096329221672,segmentation
02f0931b536dfba10affc3231a3d64fb_jpg.rf.TgCy7CjpH8A0dUYPHOxd.jpg,ok,True,2185.3806160002023,0.8389432624674615,segmentation
IMG_0310_JPG_jpg.rf.d1zR6rMouJP8LrTyh3z8.jpg,ok,True,943.7346800000341,0.8391372062065591,segmentation
15cc23c777b00d0e123f9df468f2852b_jpg.rf.zmtcQXGhG5q5qFHFmP7b.jpg,ok,True,1268.7863959999959,0.8391599854810697,segmentation
38f26ee82e38d332b2a831aa47bd363b_jpg.rf.xy0JE0c0ufpvMqJbfkpH.jpg,ok,True,920.7140379999146,0.8393274034954351,segmentation
fa3cf2724c1648a8822b59ac0759475f_jpg.rf.920lOmnCAJEWgC6BOjp3.jpg,ok,True,930.0253390001672,0.8394032593319364,segmentation
9453c2097cb4ccc676e273939894b3da_jpg.rf.jyHoXrxQAPf4SbDMkkvT.jpg,ok,True,999.6392090001791,0.8394393795362409,segmentation
c733616ab773817dd1a356dbbdf2ee33_jpg.rf.WszNrlQnYbCV3AnuaqX5.jpg,ok,True,1009.1946560000906,0.8395038999486196,segmentation
eca42980852e6c5db10ee84aac23f9c6_jpg.rf.aAimeBWI6CFfbciAAZso.jpg,ok,True,1534.9416010003551,0.839518942859464,segmentation
IMG_0296_JPG_jpg.rf.heYYJsrm6CYL0rHY6i2A.jpg,ok,True,887.5067070002842,0.8395996036178915,segmentation
d0cc2420bce5b14dfd39e55dc3737e57_jpg.rf.aC9gepwhXOvspzM1VsIV.jpg,ok,True,931.6335049998088,0.8402928366132781,segmentation
4807629b8df9c7eb4366b7feccd72e6a_jpg.rf.c5Ew0BprAloZgLFDeYKE.jpg,ok,True,906.7628809998496,0.8407388451310772,segmentation
5a8433ec79c881f84ef19a07dc73665d_jpg.rf.74P3acbivfABD1A1hzUJ.jpg,ok,True,980.5215060000592,0.8407754220857481,segmentation
d7887071e972604ddf5940d8eb2702e7_jpg.rf.nmRFbDYioBAdBrigUGOL.jpg,ok,True,894.303169000068,0.8410865110754744,segmentation
d3a4e1b8f13ef89f419251f5c5839d0d_jpg.rf.f4xGU31smBtDKmdYHOcE.jpg,ok,True,848.4995750000053,0.8413489076124067,segmentation
889c420fb266b8d0e817306110042bda_jpg.rf.3wCSR3RHbReNPlC8iNAM.jpg,ok,True,960.3852540003572,0.8416342720615153,segmentation
9a6b61a6d3b3e3ecddc201b097aa02d1_jpg.rf.dfP6IEHvaky5xWjcD5Bp.jpg,ok,True,880.7255249998889,0.8416522991452048,segmentation
1be2a621f309c7482e9a79ad5b23ecbe_jpg.rf.BLMedq63NNl2Ml4DwuzZ.jpg,ok,True,1054.8638160003065,0.8422513528898251,segmentation
3057eba7e9b0221ddbdc96a01f39ab79_jpg.rf.SqkvmnjcnRV9RJpnJBO1.jpg,ok,True,907.2397800000545,0.8431367355425532,segmentation
4b8f93069270a9f7bb523518a5088b9e_jpg.rf.aU2nKdDHLDrEJRB2bfU8.jpg,ok,True,966.2824930001079,0.8431676506656485,segmentation
f9a9a175f26d4b26bca3a5338cc1405e_jpg.rf.IMzOJATxajlvxhJhdHYf.jpg,ok,True,1499.6986979999747,0.843179290761408,segmentation
4e3117459d759798537eb52cf5bf534d_jpg.rf.nPaf6nDXuhlpCOSlIcPS.jpg,ok,True,1019.9193749999722,0.8433144255790368,segmentation
6f0de9b594de9f9b92c6a20daa51a28a_jpg.rf.0m5PL9356GHZitPVrJjc.jpg,ok,True,915.1386389999061,0.8434298291140457,segmentation
f1ea0167087976926d4fe0aa36b961ce_jpg.rf.9L57ZbIGY4Wb7Vwq25Bh.jpg,ok,True,1062.2774530002062,0.8437667057373317,segmentation
c3e9e81ba1540aae7961a4d8d96600ba_jpg.rf.OdG0b2YBPMYacXYLm7xB.jpg,ok,True,1507.2203949998766,0.8440806744642196,segmentation
3091c9b25d76e9cbd0af83ced9f354e5_jpg.rf.aaKKMigmUh3I7xpS7D79.jpg,ok,True,948.7150170002678,0.8445351209559895,segmentation
9c153a9c9798dab948d4260eb109b315_jpg.rf.iFcx5orH0qJJB8B5YQX0.jpg,ok,True,948.1120999998893,0.844585074957222,segmentation
1b7c1c9570e900f75eb974f99cbb3c60_jpg.rf.FHMIjjujmQS7FfjqP1gB.jpg,ok,True,916.4974539999093,0.8446854259455303,segmentation
673bcd0d44f495fbe9dd88d5cacfceb3_jpg.rf.sOJ9HGKDf2MOG66xDyaq.jpg,ok,True,1476.9805089999863,0.8448691735342047,segmentation
2c32afd520cc8bf076dfa5b6e2e1c4c1_jpg.rf.djoDu6ZdDuu9OX6ypd4H.jpg,ok,True,917.1656839998832,0.8449751689559523,segmentation
8dd12470c30e3b265e8933a6fee7ad28_jpg.rf.pdfzeaMjBFzKuXK6o7oe.jpg,ok,True,917.2785539999495,0.8450314038903208,segmentation
a8847f8fe8eaaa1c97bf83027a901760_jpg.rf.mSPP6Hm5tBtBKq0Lt14Z.jpg,ok,True,943.6458380000659,0.8451755201654871,segmentation
64061fd2e0e35bdf9ac4681eddf5fa2a_jpg.rf.LXJboDa9gv2lrdcsqIvD.jpg,ok,True,934.1703610002696,0.8454012074830118,segmentation
31b83afa654d5dd874c3f0111126ab7f_jpg.rf.szOGH42B7NxjEFOdUfaQ.jpg,ok,True,935.7183960000839,0.845485432914556,segmentation
871597c145446cf58c1c2dd7db988864_jpg.rf.sKeTKsJRkJ9huVlIn0Rd.jpg,ok,True,942.0780010000271,0.8457068096924777,segmentation
4bf38c062fa7b5796d15ba90d6c3a456_jpg.rf.EF17KENhltEFqYG6wr7x.jpg,ok,True,1044.2556660000264,0.8457070072894457,segmentation
e53bf8a0e692a4ccd5f1dc2bc19e7751_jpg.rf.LJKb8j7QwaX05b6RHA6d.jpg,ok,True,873.6202900004173,0.8461610922861196,segmentation
53de0674524ae6d77bdfff48136dec2a_jpg.rf.jDGsmJPckaCmft7Zq0N4.jpg,ok,True,1488.680222000312,0.8465618571767491,segmentation
IMG_0293_JPG_jpg.rf.FhRhNF7zhi58vg90i5DH.jpg,ok,True,949.5928169999388,0.8465731223092748,segmentation
IMG_0298_JPG_jpg.rf.uGhT7xX1MxvD7vRtnx6o.jpg,ok,True,929.319292999935,0.8466334316215117,segmentation
f2672cdc28767484b556da3ab6f1003e_jpg.rf.IYmRxVYf9DE0hP85RgdY.jpg,ok,True,894.7941039996294,0.847699861255895,segmentation
b526b661a33ff481231d1342aff2a266_jpg.rf.m0G5I6Zts9g5P1riTQfk.jpg,ok,True,1565.246388000105,0.8479818840675336,segmentation
c4943d83c06a12ad5e0399d19514a4ca_jpg.rf.fYej8f2IUyKaiNR9zlLF.jpg,ok,True,900.6713610001498,0.8483776646666253,segmentation
0b4ba28f0c759a11750a6430649b52e3_jpg.rf.JaTgl9sEADTfjvxf6oqU.jpg,ok,True,866.3222620002671,0.8484200356507018,segmentation
8bb72e70f0560095885586deba37a524_jpg.rf.VvdMIwCZ66Gg8sHxzul8.jpg,ok,True,935.9361539995916,0.8488314787573525,segmentation
654bb8835258b26c466b1c19893df451_jpg.rf.ryPBdZCWwNiIKdFOKSxd.jpg,ok,True,934.6960170000784,0.8498928538800465,segmentation
06770ce99d4866165c0dfb104179c361_jpg.rf.hU9M7ohsaUTZmHENIOQJ.jpg,ok,True,1040.828509000221,0.8524035817265899,segmentation
b9402881fa580d0eb8b9b98845417550_jpg.rf.Og4iNgjLSJ4aDBufQbI0.jpg,ok,True,1006.7324890001146,0.8538343308197922,segmentation
26d663ab5ffbec49f9dc8e592982cfd4_jpg.rf.LPCw4BvuIKQppQ3cMIk5.jpg,ok,True,1030.5265320002945,0.8549437436253589,segmentation
055b79dd8db4c43e1a23be6095aaf624_jpg.rf.6EAx7f2upktnijq7O3tD.jpg,ok,True,933.8095680000151,0.8567134204038545,segmentation
IMG_0319_JPG_jpg.rf.8nxsicAQIYyF7S57b3gO.jpg,ok,True,1101.399320999917,0.8578851070492559,segmentation
614811e933a680fd6535ac8bf06bf530_jpg.rf.RY2ehugxkxiL6q7zizGg.jpg,ok,True,947.4535079998532,0.8608736140348047,segmentation
cfc306bf86176b92ffc1afbb98d7896f_jpg.rf.krwjqyAJvlArIijpUvR9.jpg,ok,True,983.3468440001525,0.8610642415752848,segmentation
4eb630d4dd38528dacf72355caf5c06d_jpg.rf.pf84dA4qCotkNkhSW6f8.jpg,ok,True,966.0240030002569,0.8620986097154448,segmentation
4667110b61b16e786673ed6126ccc35d_jpg.rf.DtuYIrXaXkcG7rCmZQqc.jpg,ok,True,952.7682540001479,0.8626067024412564,segmentation
e4147f3d8819fc5d67a9f72596bd9e47_jpg.rf.Fkxb5q8b5hRKAIbVx44m.jpg,ok,True,1185.8524650001527,0.8651002788716086,segmentation
c1f800417bc42263d141b5ed785e7707_jpg.rf.fqR7S233d1ANETUIvfqx.jpg,ok,True,1040.9554110001409,0.8663224886134218,segmentation
6403b91d63799cb9b5531c47b195d088_jpg.rf.2xzqQR6C2diQdEEQSlrr.jpg,ok,True,976.9230800002333,0.8666838286252725,segmentation
1595777dfa66e954ae23655743e24809_jpg.rf.ljtBdXbTLlTb9fU1Wg0S.jpg,ok,True,1515.1000609998846,0.8680836679381375,segmentation
fdcd6ada676799da8a870f58fdf548db_jpg.rf.yaL1akEZNWVDdQ6Rdz8p.jpg,ok,True,975.1710830000775,0.8680856638996074,segmentation
a4028b2361ce7ead654a86b07ac39d52_jpg.rf.0d4nxHMQPQZZuZDN1KdY.jpg,ok,True,1473.2369099997413,0.8702039686712977,segmentation
bb0de9761d16eee258ae09d8de32002c_jpg.rf.mAIDHQyLhUADFU0cgLQO.jpg,ok,True,924.7228740000537,0.8797708387768219,segmentation
0d9dbf62d5ee42b92bf55197bba4254d_jpg.rf.myHsNt4Qeg72FlDhi6k2.jpg,ok,True,931.7066499997964,0.9064003539849836,segmentation
8967433350d3b3043902603430fccaab_jpg.rf.7CjTHaw2UlOJInmd4dOQ.jpg,ok,True,962.9846600000747,0.9577450843667498,segmentation
