file,iou,has_pred
IMG_4054_jpg.rf.aoyozh3Urc15bQwhQ8Ox.jpg,0.0,False
IMG_4067_jpg.rf.QPp04jPFMS7rnQagj06S.jpg,0.0,False
IMG_4060_jpg.rf.A1XWDz26H0XBrAe5KhmO.jpg,0.0,False
IMG_4059_jpg.rf.zawmVoYmQQDsMDrJXzol.jpg,0.0,False
IMG_4068_jpg.rf.nGa5k5AZ7BLh0GbmIcma.jpg,0.0,False
b7a8c7de4fe1382d69f58ac97e819b5c_jpg.rf.i8vNtJ0URGnyOWjawQMZ.jpg,0.0,False
IMG_4009_jpg.rf.7X6vVZhSq4yfxVYD8s3I.jpg,0.0,False
IMG_4016_jpg.rf.yx3wO7fVScTvhmRXBF1G.jpg,0.0,False
IMG_3992_jpg.rf.HQGTxfuqUQe3WygZai2c.jpg,0.0,False
IMG_4013_jpg.rf.s0QRC0feeVJeg59ohFTe.jpg,0.0,True
IMG_3985_jpg.rf.eFV6NxOKIo9vCAJ5YvQo.jpg,0.005285599678475817,True
IMG_4065_jpg.rf.iIAppnzJGpaWS2Il3nId.jpg,0.12132600593084311,True
IMG_3989_jpg.rf.cWNfXoVCzac8xFnqgCyb.jpg,0.25157043275665336,True
IMG_4064_jpg.rf.gLLc4b53xPjyS1koc53C.jpg,0.38115229910597603,True
IMG_4052_jpg.rf.u3NRFmQu51dfaPo5V788.jpg,0.4250009462168118,True
IMG_3995_jpg.rf.xI2sjvlrpBxrep7xjonW.jpg,0.42976720672602076,True
IMG_4066_jpg.rf.X3LPkSFli0thC64tqeBQ.jpg,0.46300160580082794,True
IMG_4051_jpg.rf.4zrh75abdNIk0T468Za9.jpg,0.4657388337055673,True
IMG_4023_jpg.rf.YwerLSD5NA7pkAjhlykn.jpg,0.46810158323545714,True
IMG_4017_jpg.rf.h37IccEyHg96cUKnkdbW.jpg,0.5072113223881539,True
IMG_4024_jpg.rf.KoNvjJ4nor1VorQEZ1uX.jpg,0.510482461624452,True
IMG_4005_jpg.rf.5yAjSsqoVmlrtDgOPEow.jpg,0.5136075854122187,True
IMG_4003_jpg.rf.d3sknQQ1DYqzl1viOA8v.jpg,0.5173017748815433,True
IMG_3998_jpg.rf.q0BIsoqYwhidReXI7mep.jpg,0.5203945453123661,True
IMG_4053_jpg.rf.nHYufvnUH2VDGebMGZxC.jpg,0.5302647775724351,True
IMG_4004_jpg.rf.AXxCcLS4LiGr7P585iTZ.jpg,0.5315140828645265,True
IMG_4057_jpg.rf.SFhbxFGHJbbUZMSAOp2c.jpg,0.5328392457049088,True
IMG_4020_jpg.rf.yBF60PCfO6DWmawAeYY1.jpg,0.5499514613006358,True
IMG_4026_jpg.rf.lUpgq4J6hermSdMxi2gQ.jpg,0.5506296027943275,True
IMG_4029_jpg.rf.D5pLlHEqZ2dLf6i6QBWO.jpg,0.5589825113827839,True
IMG_4015_jpg.rf.B1KX7ClQcG4GK8RNL5lw.jpg,0.5709938639779788,True
IMG_3996_jpg.rf.IGuhdFZENimhOtNVRLnd.jpg,0.5805013693946778,True
IMG_4027_jpg.rf.T4sTYCER6iznOaA50NEI.jpg,0.5830262989964187,True
IMG_4018_jpg.rf.99xwrXXMeDwvKE0j9Tll.jpg,0.589776174023053,True
IMG_4012_jpg.rf.wyBa5bkYhoZI1lRlr8NS.jpg,0.5918456384202302,True
IMG_4055_jpg.rf.0kkGRRwbYcROqQolttNU.jpg,0.5959792437497489,True
IMG_4008_jpg.rf.nOLg5rqbflDbD4IlQLzM.jpg,0.6099509538752145,True
IMG_4061_jpg.rf.UcfmMUXPUM3hYH5sAjNt.jpg,0.6165317324680383,True
IMG_4025_jpg.rf.ukO4dUSXhPVhoQEufq0F.jpg,0.6392659945275637,True
IMG_3997_jpg.rf.gM8mergq3RaGxVU0GgU1.jpg,0.6489359090468223,True
IMG_3999_jpg.rf.AmI2qM2y4b6o4wuWybiz.jpg,0.6654628462227259,True
26d663ab5ffbec49f9dc8e592982cfd4_jpg.rf.LPCw4BvuIKQppQ3cMIk5.jpg,0.6979814268747184,True
3730ef213ac6aad431475a9ab28f349a_jpg.rf.kjPxVzgr984f6c18WYIv.jpg,0.7522257924427564,True
ec4c30d88ecc70b6a3e76dbd9b17324a_jpg.rf.cE15IOxDiFWOn9q9wU8N.jpg,0.7533313987799272,True
285d7c487a4e20ad832a74acb527b77f_jpg.rf.FVAOeXlH2NZVK3IXXOwi.jpg,0.7826775582611348,True
IMG_0292_JPG_jpg.rf.D1ALMZmGr10gzMQlE4LO.jpg,0.7843985854007138,True
57d1d1fb35ed875f9e770660bb03b6d7_jpg.rf.qV3UDIIJk7R7n0EwHhaZ.jpg,0.7849472007735179,True
f1ea0167087976926d4fe0aa36b961ce_jpg.rf.9L57ZbIGY4Wb7Vwq25Bh.jpg,0.7874084976653022,True
3312e3bb60e338e9c1a614f0f8960dd8_jpg.rf.kdLC3ejqqo3kfA81FOA6.jpg,0.7882589053165195,True
0798bfb058da59d189c1bfadcf814f29_jpg.rf.UhbR7RGg62OhrjmS5fym.jpg,0.7884723517054874,True
4894f034a55eaa9252cd261a62b11d27_jpg.rf.yEokUaDkA8S1iKdDTxeE.jpg,0.7907558089702033,True
9d776e74e90c4f8092b060dd7567e2f8_jpg.rf.qCD58RoqLAqkVbsYkPzu.jpg,0.7931267296008894,True
IMG_0296_JPG_jpg.rf.heYYJsrm6CYL0rHY6i2A.jpg,0.79422792197759,True
IMG_0297_JPG_jpg.rf.Gf4tDjwihq6apjtk6Yoj.jpg,0.7953543207788615,True
73e6a751c50604d017541c11b28d8417_jpg.rf.e7g9r3WjVsKOhFz7rG4J.jpg,0.7958586403303326,True
b3b002461f1c6b432e22964549767e5f_jpg.rf.47w8ElAMco0JkWxkq7Qx.jpg,0.7961213509029061,True
IMG_0298_JPG_jpg.rf.uGhT7xX1MxvD7vRtnx6o.jpg,0.797853009338752,True
495019998442ddf85b59e387d4916cd3_jpg.rf.5c6zJWudRlDrY8wwUQ5b.jpg,0.8003384040668157,True
a4028b2361ce7ead654a86b07ac39d52_jpg.rf.0d4nxHMQPQZZuZDN1KdY.jpg,0.8017524527875018,True
889c420fb266b8d0e817306110042bda_jpg.rf.3wCSR3RHbReNPlC8iNAM.jpg,0.8035228899236608,True
1b4ccdf7d5ff45dc6c3885243bde5af2_jpg.rf.znp9kuUoVLIlhH94j0Z2.jpg,0.8038198791266411,True
e0d38d159ad3a801d0304d7e275812cc_jpg.rf.6PBCDiOZm6DHgHmGhyG2.jpg,0.8038909834491011,True
a4ebf4c268d80c4fe329331ea981b3a1_jpg.rf.SeLMrb8aF1fGyj9DlhRi.jpg,0.8048703554195378,True
04aed88a8d23cf27e47806eb23948495_jpg.rf.YzRZdtv35NYVXTpVYZ8J.jpg,0.8075055023167119,True
76dbe2ccf986a2a0d399d3d8a47279ad_jpg.rf.zTIY2cRL38ugEksw2uV2.jpg,0.8076815452291073,True
65ba27557c78850168b1df70a3ce4ff7_jpg.rf.SHgsJPnNcUITddcEgzqE.jpg,0.8079273640992153,True
3baf85c957b9d28a16c0b65cb2ef0d29_jpg.rf.T9LARZyo5r3ArBcaucKI.jpg,0.8090208005503797,True
6589f4cfb37439d7d276f0d70f7ee1f0_jpg.rf.ro0gC4Ntl7BaxDZFKMKp.jpg,0.8091775570276568,True
1877a28e4c5f5c1ea68aca66f4e85d95_jpg.rf.bdjuPRDGHl6VQiFIUd7p.jpg,0.8093404242970123,True
ce54969567273b9b8a275812ff56e16c_jpg.rf.vUxRBlE3CR5npYBtImjt.jpg,0.81007395674204,True
a3863d0be6002c21b20ac88817b2c56f_jpg.rf.f208q4Cg0Y0dOyQQZROA.jpg,0.810125401679348,True
ec5ab1930d6aa16fff2582b48f82cada_jpg.rf.7HwNfDOHS4xFK62Uposd.jpg,0.8101377389753767,True
beb11566e59775b61f0ca369952067cc_jpg.rf.5hdy1RWnFsbnl0K9lmEM.jpg,0.8106477433748379,True
a9987cf6cc5c6545818ec294d4a5bb9b_jpg.rf.jW6YnE4QGPoCOZauZjEF.jpg,0.8110484326904956,True
9962a4d44388b9008aa0f466e4f4052c_jpg.rf.0JxOisp5TOf9PCFH5NPq.jpg,0.8115334283117268,True
a8847f8fe8eaaa1c97bf83027a901760_jpg.rf.mSPP6Hm5tBtBKq0Lt14Z.jpg,0.8115633309922381,True
9453c2097cb4ccc676e273939894b3da_jpg.rf.jyHoXrxQAPf4SbDMkkvT.jpg,0.8116068137459287,True
4de23afff63bc169b4ebe547a9c9b692_jpg.rf.6VzbSd1yySil8gxGpTSv.jpg,0.8117010750064363,True
239c409d5c09b493fed01a70a3cda4bc_jpg.rf.I3HTJUgtSNGn0yX438qq.jpg,0.8118826830471372,True
b0f3d66c8be13f5f6aa25b67a06bdcfa_jpg.rf.0odBNgZnfwqxHzTWu08q.jpg,0.8120351777829958,True
d29148a2233950a7777285281cbfccff_jpg.rf.iJR9IMSyVUNqzfonCVb1.jpg,0.812078227662279,True
ef1d425fd5370fbf8b7adea43b755304_jpg.rf.GTP0VHiCwFHt8N1Etov5.jpg,0.8121114674645943,True
c20ca9283ea51ac7707905894a7da703_jpg.rf.4Dxb3pgUwhlAioP7K1sr.jpg,0.8123299171292181,True
93557fc861304f7753089c244bc1e33e_jpg.rf.ExEUuUIECexaJFDHFu6X.jpg,0.8125256740770891,True
8967433350d3b3043902603430fccaab_jpg.rf.7CjTHaw2UlOJInmd4dOQ.jpg,0.8133940794890074,True
cf2784fa97151d5316b2961b1e62dc45_jpg.rf.OI2BoH6hYaj9AxM8wCUN.jpg,0.813889126099606,True
eb9e7928e756c3cf9164e7afc08c4653_jpg.rf.EiaFiJ7Cry5Wov63Hxcb.jpg,0.8143793924958337,True
3474d785b1b21d68163f56aa00a92bc9_jpg.rf.lKkbkwIrMoX6rU2AxZS5.jpg,0.8148209903714335,True
292b0ddcacad7de06a628980954b6993_jpg.rf.OYzJiUveuNWJQAvb1PbU.jpg,0.8156509380944147,True
410993714e325a1de3e394ffe860df3a_jpg.rf.oZuezx97422fBG6lMzCm.jpg,0.8165168390260439,True
9c5fb0c3cfd7b334a247cd87c139e8e6_jpg.rf.6lRNzuN2b1FwzeJAKRuO.jpg,0.817272504561506,True
03d3ff4582c8125d69c19a72f846bec8_jpg.rf.CdJ2jiQvvo6bTRk5Pznd.jpg,0.8179607889616267,True
859e7157c6d544236a67463c08169b6e_jpg.rf.Qc6oy5k2RglQTviZgU8N.jpg,0.8189673981351553,True
a5c65b40e0be3480c0ecfacaab399a87_jpg.rf.Xm4rhfx4EFA9PwcfDUve.jpg,0.8246453516426895,True
1c0060ef868bdc326ce5e6389cb6732f_jpg.rf.1AuXAOOC6n4ailFPTtsi.jpg,0.8251743566379216,True
IMG_0293_JPG_jpg.rf.FhRhNF7zhi58vg90i5DH.jpg,0.8254134591456673,True
IMG_0319_JPG_jpg.rf.8nxsicAQIYyF7S57b3gO.jpg,0.8266627655776357,True
614811e933a680fd6535ac8bf06bf530_jpg.rf.RY2ehugxkxiL6q7zizGg.jpg,0.8277785164273957,True
37fe05bcf7d8568a9e55b569afdbccbd_jpg.rf.1xywJ5feE0wm2KCVz4KW.jpg,0.8286289146337874,True
92992ff9c823e0420bf17e71db9ef4ef_jpg.rf.1cWEqMH9cHXh3Eei7Zwd.jpg,0.8288946270834735,True
38f26ee82e38d332b2a831aa47bd363b_jpg.rf.xy0JE0c0ufpvMqJbfkpH.jpg,0.8293696445419689,True
f587402be410b424bcbbac06e1dc6162_jpg.rf.QE1qoomGcaTRHwtN8rNB.jpg,0.829508098181381,True
247f9cf35a263dc7dd7886b187fd5480_jpg.rf.67mFWPlObexN0I9tsHjE.jpg,0.8296893509779882,True
d415969922564f317be0d1433330626f_jpg.rf.MofWt2genDzSnIiwV99Q.jpg,0.8306870197386136,True
9c153a9c9798dab948d4260eb109b315_jpg.rf.iFcx5orH0qJJB8B5YQX0.jpg,0.8307343096439647,True
76e118acf05a8ebe06957f8882cc06aa_jpg.rf.ARvKD9Ua1d4h0g00kUKG.jpg,0.830918259747224,True
6ba74e310dd824af891d057d674cedb9_jpg.rf.djPAu1gV2zdy7uP0gbz0.jpg,0.8316832862372143,True
c4943d83c06a12ad5e0399d19514a4ca_jpg.rf.fYej8f2IUyKaiNR9zlLF.jpg,0.8319299529701581,True
49c2afbbe5726160b289f7c0c62cdace_jpg.rf.l9StEZDZtcpa6hYEmbFe.jpg,0.8321026301328144,True
7ee8d13861bdc45e40a7cfe190a8d8a6_jpg.rf.9xqKl41PBRCoa5hfbfUH.jpg,0.8323260374957786,True
3e0c67f38992fe16dfc163f7f5336263_jpg.rf.Gk7xPrJJNHntyu11X4Mo.jpg,0.8324495768801059,True
aec1aa6773dbbe004554f405cdef2bea_jpg.rf.akk6pVW2klGR7B6Y1nM4.jpg,0.8327186435615223,True
fb586797e8ad818c7e3e3a6411f73d84_jpg.rf.Ji6eA2MhOmcFn1ArGzq4.jpg,0.8327547483323163,True
f9a9a175f26d4b26bca3a5338cc1405e_jpg.rf.IMzOJATxajlvxhJhdHYf.jpg,0.8329683191821479,True
685b860d412b91f5d4f7f9e643b84452_jpg.rf.Tzf9MGhaRlTKrz9iwJPj.jpg,0.8329826548496974,True
e1616dc9962fed075576ac4ea3553f51_jpg.rf.VxnF21ML0Aydx2nTzppR.jpg,0.8330758472900113,True
104ec0199cb67e1a359b1b0845ee66f3_jpg.rf.CmiIx57FgmI17Ft64Jr7.jpg,0.8331035355001368,True
c0d68e012bb93c14bc333fc1d5e52621_jpg.rf.utdeUQfW18s0nVdfAiOU.jpg,0.8332930323062353,True
81f5c542ffe0f9eae4df59d29acbcced_jpg.rf.8zpImtePfeR7T2esnbF4.jpg,0.8339087212303894,True
1a8a4abcba7c4ead35c01f05b9fae8e5_jpg.rf.NKSm1JGBcaSXpq5M25C2.jpg,0.833918890982654,True
8ec14357f5f18fb98db86e0283623150_jpg.rf.YvCQJSvqRxJSMhrkJ6lF.jpg,0.8340760501350637,True
8d796de64b9eed1ffd5ebe550d4ca807_jpg.rf.GDHRDXfypOweSLVpxt2E.jpg,0.8342503927844956,True
0c09b79cff39932c59ecc745dd827906_jpg.rf.UGoxMK9kAQ8u8XyDFssB.jpg,0.8343701190701386,True
4bf38c062fa7b5796d15ba90d6c3a456_jpg.rf.EF17KENhltEFqYG6wr7x.jpg,0.8347904462870571,True
18742c87a03866e042c5659ba04d1180_jpg.rf.GnRRYHhInViir9Y78Dhw.jpg,0.8349309939574211,True
300f80826bbb7dc4bf83e148614f2f77_jpg.rf.uFtdKPlCYFos9MDKWnd9.jpg,0.835227862365366,True
8de03901c64a80070048ead3fb0d32bd_jpg.rf.tjz1J48dKcHeupcLrzCj.jpg,0.8353094319743875,True
d3a4e1b8f13ef89f419251f5c5839d0d_jpg.rf.f4xGU31smBtDKmdYHOcE.jpg,0.835433130663757,True
f041d3171dfe3137390c85fc5437e447_jpg.rf.yRCiNLyCYET6XMDQHmJw.jpg,0.8354874486125783,True
d9ef98145d7d35393c75a51331a20e2c_jpg.rf.ymMUDYWhY37KCFlcRUiK.jpg,0.8355928204097132,True
IMG_0295_JPG_jpg.rf.ozgbWSVAa0uty9Nm19Ot.jpg,0.8356251620598455,True
ca869123d8a0cbcc6e54f4a445e5a78a_jpg.rf.jgi60VDKy8rJPwixo60d.jpg,0.8357302005266356,True
7e862b85e33cd247ed66447d129e5fb4_jpg.rf.UkqgbVuBkliPU8AVBtOD.jpg,0.8357361196307159,True
15cc23c777b00d0e123f9df468f2852b_jpg.rf.zmtcQXGhG5q5qFHFmP7b.jpg,0.8359389002436408,True
49f78dc9aaeadd0c76ed2def75c358f3_jpg.rf.Ap41QGhpGGDArpIMWkm1.jpg,0.8362536918285799,True
c7890b749d14d3488066cbdfac4620fd_jpg.rf.c19wQHh26nOf2r78oWjG.jpg,0.8366857551896922,True
7e97f49e613a59a70b833e4c0b2c1c04_jpg.rf.yieDKM6vjdHirEPRozaH.jpg,0.8367420479456459,True
22e74efb18b2d88fba63d25a61bf5f97_jpg.rf.okcmbZ6jYYtEkADS1Szs.jpg,0.8367486257425496,True
0b2252c93c53e1b2e61d485b22328e2e_jpg.rf.6WLOyNUrCIKfa1ExYmeN.jpg,0.8369736582287606,True
0115e4df73475b550e5c6f7a88b2474f_jpg.rf.MGZokKOBcnlIjJhSCpJy.jpg,0.8370614206505202,True
IMG_0294_JPG_jpg.rf.S8XKcbfJPsQjZV1xZNwx.jpg,0.8373816508626877,True
49d365236ee4fb6bd982b0f00bff007e_jpg.rf.LRGRUmd5V0NpY706bm7d.jpg,0.8376118360485336,True
9a6b61a6d3b3e3ecddc201b097aa02d1_jpg.rf.dfP6IEHvaky5xWjcD5Bp.jpg,0.8376404147620088,True
a9768de3fceeeae2618f362870fb9a88_jpg.rf.pAYFTIrdhV7WKrPuvWxG.jpg,0.8377323656240195,True
IMG_0310_JPG_jpg.rf.d1zR6rMouJP8LrTyh3z8.jpg,0.8380630420591253,True
196829feb704a34a4e471155f14bdd80_jpg.rf.RdUaLwU7ZtUw5hDH8Wjg.jpg,0.838081060400185,True
36066ba85572ce99198f1a21c2c8bbff_jpg.rf.hGRGtaGt3E2I3nodhOPN.jpg,0.8383938158501989,True
f2672cdc28767484b556da3ab6f1003e_jpg.rf.IYmRxVYf9DE0hP85RgdY.jpg,0.8386757933008712,True
ec418cafd39d7c5a69cc0642a08b2a08_jpg.rf.PfCGPGbwI245O3giGuYx.jpg,0.8389380918747086,True
4807629b8df9c7eb4366b7feccd72e6a_jpg.rf.c5Ew0BprAloZgLFDeYKE.jpg,0.8398995741101004,True
4b8f93069270a9f7bb523518a5088b9e_jpg.rf.aU2nKdDHLDrEJRB2bfU8.jpg,0.8401898998417675,True
8678864272a0a04c4c65ca96324105b4_jpg.rf.SCrbQiKbl6IKgKVlPkUw.jpg,0.8404236971907171,True
5c19d3260762f5daa632d952bc0074d6_jpg.rf.w0VxD9zOozC5h1alwafi.jpg,0.840613503019732,True
e4147f3d8819fc5d67a9f72596bd9e47_jpg.rf.Fkxb5q8b5hRKAIbVx44m.jpg,0.840883413927614,True
00bc0cacffdebe6b11bdeec56f63ee49_jpg.rf.UeIalh1bhfXlMPNMd9qy.jpg,0.8409371256156543,True
6179b463c8f503445e213b706d2a4de5_jpg.rf.GpLsOOvL7g3nz9FXKHiy.jpg,0.8415788604597206,True
03886821377011fec599e8fa12d86e89_jpg.rf.zQhDHVTwrax80bl2kdsc.jpg,0.8419922500245848,True
d6e283a49b0395a6d5867c9e98e32045_jpg.rf.VlAGRt7783u3gF4GTsPz.jpg,0.8422889538214025,True
34ad1966ae7a17d4502ca141413ed8d2_jpg.rf.1MHYkjl6QATWJbpglDf6.jpg,0.8429792271908748,True
c5172afbdad90854b3d0f21a923c0c69_jpg.rf.Er57PAmsoofhIUga9vUu.jpg,0.8430699291657091,True
IMG_0291_JPG_jpg.rf.VNt4kfDqvtE0SYNertVj.jpg,0.8432836710771147,True
73a38a5c8f8f1b09f093f304660d5326_jpg.rf.hq2ShZ0NK5z1zUX7cVcD.jpg,0.8438306395608091,True
f3a5df526393445c6e2d38f66c1f5c27_jpg.rf.RjK1UIl5QQajMIQ8y8ch.jpg,0.8439328827627683,True
b5bcde459ca36f0d1f3c20e751336672_jpg.rf.XpmkTtnDbeclyxKgmuTT.jpg,0.8439910442499297,True
c1f800417bc42263d141b5ed785e7707_jpg.rf.fqR7S233d1ANETUIvfqx.jpg,0.8445517475704738,True
fc9d7bc0453cb3324406401c00224d30_jpg.rf.dwwyKsjeVDK9maygdGJs.jpg,0.8447726118822853,True
446e75de1ffefc2115e79696bcf0e357_jpg.rf.bvlqfutOZqWCtVZtpEPP.jpg,0.8448964584977671,True
4e3117459d759798537eb52cf5bf534d_jpg.rf.nPaf6nDXuhlpCOSlIcPS.jpg,0.8462929684565736,True
8bb72e70f0560095885586deba37a524_jpg.rf.VvdMIwCZ66Gg8sHxzul8.jpg,0.8468462057477808,True
ddad9dc4d945006d66f5349d64498559_jpg.rf.QDAeiVqNywkdpj6Y0E16.jpg,0.846991486518343,True
e6e3a2ff2c75970490079f00136885ad_jpg.rf.ofEITIAQHYLdPhU5LI84.jpg,0.8470642901976475,True
f02d615907c77dc15f02bd1372e4398f_jpg.rf.9kH3tSSVbySIbYPDZ29l.jpg,0.8473636882288518,True
fa3cf2724c1648a8822b59ac0759475f_jpg.rf.920lOmnCAJEWgC6BOjp3.jpg,0.8474408659346412,True
c46bf04050a2a9323dfe563e8813602f_jpg.rf.p9sND8cOV6y5xlvHAQGY.jpg,0.8475703443928521,True
b5102d7f9740eee7754ed268becb2163_jpg.rf.a52VcJCxU02GHIndMX2a.jpg,0.8475961393462964,True
99ee6574b2a7afc0bb06269bbcf49a4c_jpg.rf.XRHKwxAuCjbSbMCe6sAo.jpg,0.8476482644670129,True
6e2dd4604b3a51d9be11b8809ed03803_jpg.rf.uiWbrAFyOdM62qpwovcI.jpg,0.8478647775920887,True
ea799d77875c399618c45cd9409f34ee_jpg.rf.D6GREwVWKudrk5yubder.jpg,0.8480159576217161,True
fb7d97265a22bb1c1f908dadc6f9e7dc_jpg.rf.T0mBSjprKXrdW5Q29n4r.jpg,0.8480529581408105,True
6bb6f7cb96bf37230681d12ff7882f61_jpg.rf.QVOTyJDCOWYmNFUu3WGu.jpg,0.8483228582143268,True
055b79dd8db4c43e1a23be6095aaf624_jpg.rf.6EAx7f2upktnijq7O3tD.jpg,0.8486578895137281,True
c5a012dfa72816098d23fc8baee67834_jpg.rf.WX8nCbOelFnxGRjcgk9M.jpg,0.8488146674472634,True
IMG_0318_JPG_jpg.rf.9n0DHRn7LqyrLlze2Yan.jpg,0.8488894269692765,True
6f0de9b594de9f9b92c6a20daa51a28a_jpg.rf.0m5PL9356GHZitPVrJjc.jpg,0.8489335274970019,True
5a8433ec79c881f84ef19a07dc73665d_jpg.rf.74P3acbivfABD1A1hzUJ.jpg,0.8494112807261379,True
f1a24b6bb778ee11ba33687415aa84f2_jpg.rf.3N4dJ5bjKj9b1mSXPb4Y.jpg,0.849424477578644,True
9146a6989dac08f1769e677064ebfb49_jpg.rf.JGX1wQDEaIkKKvTJHfUo.jpg,0.8495034768766313,True
ca6484c259f286c5bdf1afefc868b753_jpg.rf.PHzbOcLZjWZgWg4IjpKH.jpg,0.8495139008596758,True
4667110b61b16e786673ed6126ccc35d_jpg.rf.DtuYIrXaXkcG7rCmZQqc.jpg,0.8495503169341245,True
2ee0fd0963465ba29d8f27c6e605c55d_jpg.rf.XgDanOffoVkB3Vmv4dXy.jpg,0.8496500715340961,True
47e842dd95735a11cf92c0ddf1161193_jpg.rf.U6BkBIHuZtRvC4r2P5uS.jpg,0.8497419745414881,True
edd285915356686fb53fb52c1ded0e53_jpg.rf.iavnF9OpB2yueJa6LiZc.jpg,0.8497832245501463,True
b9402881fa580d0eb8b9b98845417550_jpg.rf.Og4iNgjLSJ4aDBufQbI0.jpg,0.849822855800476,True
d795f84f39716798482fb2937868ed8a_jpg.rf.mKPWioeznLDGifRZstwJ.jpg,0.8498383529918558,True
bb0de9761d16eee258ae09d8de32002c_jpg.rf.mAIDHQyLhUADFU0cgLQO.jpg,0.8498887703664746,True
389b4c47568c78c44df11dbb1377ffea_jpg.rf.tNXu46DuOkyEoP9eP6MS.jpg,0.8502666918977214,True
1be2a621f309c7482e9a79ad5b23ecbe_jpg.rf.BLMedq63NNl2Ml4DwuzZ.jpg,0.8503286955941389,True
8ff752f9ed443e6e49d495abfceb2032_jpg.rf.1rCqnCtjo91nxQu1SYDS.jpg,0.8507637054558643,True
97ed198b00b5491747d3b425df8e7096_jpg.rf.pp5GWDIXjdgI3O8TCKdw.jpg,0.8507823274180993,True
3057eba7e9b0221ddbdc96a01f39ab79_jpg.rf.SqkvmnjcnRV9RJpnJBO1.jpg,0.8508964825862158,True
0d9dbf62d5ee42b92bf55197bba4254d_jpg.rf.myHsNt4Qeg72FlDhi6k2.jpg,0.8510786900102812,True
6403b91d63799cb9b5531c47b195d088_jpg.rf.2xzqQR6C2diQdEEQSlrr.jpg,0.8511841718972393,True
IMG_0320_JPG_jpg.rf.qeeZH93gcOCIF9F3InHD.jpg,0.8512203246348892,True
IMG_0167_JPG_jpg.rf.pF9KjVImsTXHhQLS3xC5.jpg,0.851342183436958,True
8f84f1945fd993facc3368d13345f333_jpg.rf.MQq7J49S0dyXfUNwN3Bs.jpg,0.8514283917978162,True
3aafc2d38807dddd1b43a54cb70f500d_jpg.rf.07GenBXB5DprVDHjAX0Q.jpg,0.8514731090515084,True
55be99616328f83dcbfe8c18e1387c0e_jpg.rf.ykivp3BBH4TtmgXhTxpm.jpg,0.8515014097731868,True
654bb8835258b26c466b1c19893df451_jpg.rf.ryPBdZCWwNiIKdFOKSxd.jpg,0.8515250952285004,True
97aeb1f9b745a929e9ac0848acb53a1a_jpg.rf.Az2qVwefwgYq6eNN1CLT.jpg,0.8516010379835472,True
c733616ab773817dd1a356dbbdf2ee33_jpg.rf.WszNrlQnYbCV3AnuaqX5.jpg,0.8516146996288501,True
424d6506342fa2471e71586675ed092c_jpg.rf.2mtI2uMRLyinPaT7ja4Q.jpg,0.8516992110135506,True
302e7c10664be32b4fc000452149027c_jpg.rf.w0bXRKdNwqrRv5Ga1nsf.jpg,0.8517438182305892,True
53de0674524ae6d77bdfff48136dec2a_jpg.rf.jDGsmJPckaCmft7Zq0N4.jpg,0.8518516552043806,True
d079f4e77b2445abceca7534356db743_jpg.rf.e1BMfI50VBWn2aRK0x9d.jpg,0.8520596620385594,True
5a35ba2ec3e0d0b2b12b1758a8ac29aa_jpg.rf.fG8FhGKpPo0H6piFpKXw.jpg,0.8521003094658236,True
9fc54a45feb5b01db8f6828d181fb075_jpg.rf.HpROLc4CrQKfFkJz8GnZ.jpg,0.8522229132830386,True
cfc306bf86176b92ffc1afbb98d7896f_jpg.rf.krwjqyAJvlArIijpUvR9.jpg,0.8522270557029178,True
b4ff4132c8c85da97d8bf9a2a4ed3e3d_jpg.rf.fr97arsyAEQ545pa5DER.jpg,0.8522315413904199,True
de60ba81aa78387928e4bdc11f3be301_jpg.rf.JejdYP6jPbGAIZGRyVJ3.jpg,0.8522443986437072,True
675619f2c8078824cfd182cec2eeba95_jpg.rf.e7DhCH3q96agnucDKtmT.jpg,0.8523802727797505,True
66f3c2c7c10a9263de9c6e056ba5c1b9_jpg.rf.J8JL2dDK2GpI45OEtcdj.jpg,0.8524252870385532,True
23988893ef7381fece6d1ef32ef5428f_jpg.rf.izofozbGGUAimZNpQfkH.jpg,0.8527194360755935,True
31b83afa654d5dd874c3f0111126ab7f_jpg.rf.szOGH42B7NxjEFOdUfaQ.jpg,0.8527579396040725,True
0b4ba28f0c759a11750a6430649b52e3_jpg.rf.JaTgl9sEADTfjvxf6oqU.jpg,0.8527657055461576,True
3091c9b25d76e9cbd0af83ced9f354e5_jpg.rf.aaKKMigmUh3I7xpS7D79.jpg,0.8528933938016906,True
b526b661a33ff481231d1342aff2a266_jpg.rf.m0G5I6Zts9g5P1riTQfk.jpg,0.8529481328252932,True
79e744a68d6e6f83be0a9e8761ea66a4_jpg.rf.6awcBEOZqh1mp9co9xLX.jpg,0.853337689335793,True
e4583d082076b2b549b3736ad1b193c9_jpg.rf.o8rh6VQ7vSXvLnv2TtgJ.jpg,0.8533490741361994,True
871597c145446cf58c1c2dd7db988864_jpg.rf.sKeTKsJRkJ9huVlIn0Rd.jpg,0.8533571841707063,True
13106bbc80a01cc413c2ab5052d2ec25_jpg.rf.urKYtZ45eUEYE8JFEj5n.jpg,0.8534239252473379,True
05de676d5078dc0a13796f3f627993ef_jpg.rf.hs4GRxzPvPp27sKBkuHI.jpg,0.8535730925801187,True
d7887071e972604ddf5940d8eb2702e7_jpg.rf.nmRFbDYioBAdBrigUGOL.jpg,0.8535848784695363,True
8dd12470c30e3b265e8933a6fee7ad28_jpg.rf.pdfzeaMjBFzKuXK6o7oe.jpg,0.8537865398266126,True
a932287da44b9dfacd0d16a5c1d27923_jpg.rf.4Td2XbYGQbrTv6MZCTEH.jpg,0.8537919797287746,True
e53bf8a0e692a4ccd5f1dc2bc19e7751_jpg.rf.LJKb8j7QwaX05b6RHA6d.jpg,0.8538487276438991,True
040f2bcba5afce3afafdd5bbf36d2ca5_jpg.rf.5VbRNNby25o9NFZa6qE5.jpg,0.8539630213558836,True
5825608dccde6544eef91822136079d0_jpg.rf.2d6POAlJpLRZUVMZQfhf.jpg,0.8540427849550268,True
abd65798d9952a27e087710eb8bddf32_jpg.rf.yKYmrXpOZTBsOr6m8pVU.jpg,0.8540435606716612,True
76d01bada90581f55f1ae64c062cafcf_jpg.rf.Z4J2RsneRw1u0yxN7d19.jpg,0.8541205738981591,True
48e115dcbf1b3a67ca47a75a92da3f33_jpg.rf.hwVAGleuCSgVtJXkLzr8.jpg,0.8541727340905478,True
61567b97353acc18ba9e8aac0f111326_jpg.rf.os2NlGJkmsOfeEYn8Bfj.jpg,0.8541754395690502,True
IMG_0299_JPG_jpg.rf.TGMbdvZfGyOGFj3tLaFH.jpg,0.854190470484503,True
cae099fe41d6aa30033d71e433c33c8d_jpg.rf.Lu8NF5Ob7IQ2XFDvabOt.jpg,0.8542829717429405,True
e40003d4bbcdac7196b9502bfe2fb6ed_jpg.rf.MswvcOybRO3tE8hsfiaJ.jpg,0.8543453503967751,True
6859628a422c1b72be8b074841cd943e_jpg.rf.82eoW5VYbVCkbDPH4XMq.jpg,0.8545275168315226,True
1728cd731489df8bb8e0396e178fe393_jpg.rf.aaSYQpDxG4J563ZyPrMg.jpg,0.8545796233446463,True
f3302c754c6fd42130014199ee327d10_jpg.rf.V7WnPDfKVcmNZ6dHhP8z.jpg,0.8547632014522932,True
749e9074a77f8d34d86e2218f26cdab4_jpg.rf.cODBfuCm3by3W5PM5AIM.jpg,0.8548568011361162,True
1b7c1c9570e900f75eb974f99cbb3c60_jpg.rf.FHMIjjujmQS7FfjqP1gB.jpg,0.8548835613069872,True
969daa72bd7804ea1212e191820249b0_jpg.rf.cmuHnJ8YTRf1OFH6SVHs.jpg,0.854896440608793,True
d9acc69c5d57623cda22786e309201c9_jpg.rf.qsctfjLdBdezqdLUjPpP.jpg,0.8550289161413261,True
c3e9e81ba1540aae7961a4d8d96600ba_jpg.rf.OdG0b2YBPMYacXYLm7xB.jpg,0.8550330133528271,True
8d6f722eadc015a393bd490f9b7a85e6_jpg.rf.V6kW9NJ4x1w9ccoVwpBH.jpg,0.8550864612201632,True
479459fe5c8213a84fd55ba82f2670b1_jpg.rf.OahONbE927UYJxRJ5H8d.jpg,0.8552131715573691,True
fdcd6ada676799da8a870f58fdf548db_jpg.rf.yaL1akEZNWVDdQ6Rdz8p.jpg,0.8552989924133586,True
48d3c59a99b2b5a5b9f1eb7d5ba63b60_jpg.rf.D68KpuRG3eCkYkYj80BU.jpg,0.8552999262243913,True
e7edc4f1b8d3cc1069b96d0358e066c9_jpg.rf.KUmPhG6HrXQw0RZmZtEp.jpg,0.8553556033331328,True
86afe95de5471af5cef08e6ae4d9acbb_jpg.rf.xDRpjx9ArUlRfTsheHhn.jpg,0.855383618201903,True
793c79d55c8a252b7a954d074b1d6498_jpg.rf.f2sdUyp3vdkP3aICxwPm.jpg,0.8554796200142868,True
b79ae5b70de58089ead6e32b235e30d3_jpg.rf.n9pbOE50ILluuOVFLID0.jpg,0.8555969920155472,True
d114edc5cb4cae0ceb2f152afd15f57d_jpg.rf.9VJsec6QOpPzwKcilwGH.jpg,0.8558041568632452,True
2fe75c34fd54e960146fb8b0ad8b3fd6_jpg.rf.wubHX8zzWGfDmlIpsM7U.jpg,0.8558162768655379,True
d33c33de41dbe1a95a43212c58fd12b7_jpg.rf.oKCrFwsd1OitQ5mDq97o.jpg,0.8559482150484227,True
5e71cb8d41c333a18e799ef0004b040c_jpg.rf.hPWB2JJDjqpMClzasf6d.jpg,0.8559976796350117,True
06770ce99d4866165c0dfb104179c361_jpg.rf.hU9M7ohsaUTZmHENIOQJ.jpg,0.8560584320055304,True
e8480d7fb9881d8a0e88b7be4d103f6d_jpg.rf.qbG2M9gcpcCvMwNfNcsp.jpg,0.8562499093273784,True
4d7820ad9fb4fe69d5168e1d7317dd02_jpg.rf.FBOrAR5veqjtCS3WbCDh.jpg,0.8562913585960564,True
05ad7223827a29a8283f6c4b2490f52f_jpg.rf.q42lGzqjxudm3Gj5JFjp.jpg,0.8562918778842097,True
4939035108d04ee672570a7cc937e270_jpg.rf.yTgQ5ghdqd2s5OvAFXXG.jpg,0.8563253017218443,True
IMG_0311_JPG_jpg.rf.MI7XQoDBqEOcgDtWnomT.jpg,0.8564530732918304,True
64061fd2e0e35bdf9ac4681eddf5fa2a_jpg.rf.LXJboDa9gv2lrdcsqIvD.jpg,0.8566785212674114,True
d494cb268ad7f9f55587de138edc1dc4_jpg.rf.XhbIkBhWyZta7EIVU2Tb.jpg,0.8567153129496825,True
dd6b5c3cb2d7e77f38f1dfeb2bff0431_jpg.rf.bwnKrtzuHfC1kMaWhP7R.jpg,0.8567416004067597,True
IMG_0159_JPG_jpg.rf.pcAr3nWkWaHoDaznNeis.jpg,0.8568936665627351,True
8ff64b3f770bfe96bdffc629efd16460_jpg.rf.1yM0xGdl4IWLTu0EA6fk.jpg,0.8571052589261307,True
1595777dfa66e954ae23655743e24809_jpg.rf.ljtBdXbTLlTb9fU1Wg0S.jpg,0.8571268465545214,True
4eb630d4dd38528dacf72355caf5c06d_jpg.rf.pf84dA4qCotkNkhSW6f8.jpg,0.8572797988025077,True
IMG_0169_JPG_jpg.rf.5YoOCX4deXRCmNeoj0xC.jpg,0.8580477679260775,True
bc5decab88861286dcf78a367b4377cb_jpg.rf.yBGE8kvyxXgQNH8hlk1w.jpg,0.858249248916877,True
cf4769d0586df6b3fb0dc618d9f8abe6_jpg.rf.22nCNpdskDWxHHcHGpPc.jpg,0.8585253411868876,True
3e8fb24addda1a0945bd6b7777bc4018_jpg.rf.iKVXLVBXMTWVkVOBNI6o.jpg,0.8585362862482571,True
4d6b667ecbd41ebd603b38848366d9d0_jpg.rf.eI3eSkwY6FcOQjyZusom.jpg,0.8586096081482802,True
54a90aab8c73562975cc560d51a9d2d1_jpg.rf.zNay9NHjwyseu7ovUcIR.jpg,0.8591128279358988,True
f52e1873b8583f8bf4f7ddf6e9649f07_jpg.rf.VHTXW0DoIL1XgOgNZO1n.jpg,0.8591403926687825,True
59727dce26aaa6100078810b61404069_jpg.rf.uNgrw2KhlJgSFCeBwlus.jpg,0.8593632724038617,True
2c32afd520cc8bf076dfa5b6e2e1c4c1_jpg.rf.djoDu6ZdDuu9OX6ypd4H.jpg,0.8593667219009615,True
5cecd3b3946aac5c713a51e0bd4617c9_jpg.rf.hy0XR2oQtKxR5uzdZMv2.jpg,0.8596218136286384,True
a20eb4bb3cea2e394cfcf9ed969b628e_jpg.rf.5KRwGNQG7awFhB1AQYJg.jpg,0.859798785144215,True
d0cc2420bce5b14dfd39e55dc3737e57_jpg.rf.aC9gepwhXOvspzM1VsIV.jpg,0.8598228361841059,True
998222d9c93f1640829d4f0032dbf3e8_jpg.rf.NpxYIH95czukGp2tkRAU.jpg,0.8598970074178797,True
7a34d8620235048917b28bcfd3b5572b_jpg.rf.9pV7DZWiGnr4pCE0LzMt.jpg,0.8608639362117507,True
614aadadb4a7f5b475b027b8e11398ee_jpg.rf.LAozkfTB8vjY4CUHD5F4.jpg,0.8610130242010469,True
1a530d578f3f0bf3497bfeff3d953025_jpg.rf.lM1U2JMrzqtYTjftohZX.jpg,0.8612338390418515,True
4ae38537a74c5ed10d5223f8066659fc_jpg.rf.0oGfaQEeDG2QActZO79e.jpg,0.8612752419554788,True
3bab0eaaeb63a2ac9ae4942df4006a25_jpg.rf.HecRnmxydTLos9ftlOPN.jpg,0.8613562137084834,True
d3b9309d00a2b671407b918ea867a935_jpg.rf.aRo6nfLUXyNUcXM0URP4.jpg,0.8616425842300733,True
02f0931b536dfba10affc3231a3d64fb_jpg.rf.TgCy7CjpH8A0dUYPHOxd.jpg,0.86168162486995,True
d4f7caf01359b9a757c930140f746fad_jpg.rf.ZNf60GXF6OeejzLIcbbW.jpg,0.8619217922880704,True
IMG_0170_JPG_jpg.rf.HDQMhXaQnPj3AMHKIxhA.jpg,0.8621692207441641,True
0d9afc3d23392c3958f53d7fe71fd2f1_jpg.rf.yC6Z3u0f3TlSTzjHLw0R.jpg,0.862266795459826,True
0cf670506bf9e0fe587647cd62caa232_jpg.rf.zlAcMO1KagZL3vZaQZZj.jpg,0.8626820457290364,True
254f92b18b2a81f88b85e7aed3cabc61_jpg.rf.tYuUKFXmPCMsKnKjAv8P.jpg,0.8627209034146153,True
bb54af2f0b83b174aecc29328c8fa001_jpg.rf.VDH9RhAZn1DpBPqcYSx7.jpg,0.8628232576331416,True
IMG_0166_JPG_jpg.rf.R5liQ0dKu9zTS6GGKTXU.jpg,0.8629006851786722,True
673bcd0d44f495fbe9dd88d5cacfceb3_jpg.rf.sOJ9HGKDf2MOG66xDyaq.jpg,0.8633402026400707,True
26fa37995fa5b18ec40e0a94e6d91104_jpg.rf.9KUQUmSzc5PPWDEs7yHS.jpg,0.863421600360663,True
2f6fb003bb89cd401322a535acb42f65_jpg.rf.9scNvsuNhCAfPGeRJOs6.jpg,0.8634543525222781,True
0301b7f9ed4d5ba503fda79fc4370c29_jpg.rf.F3nEFKMliFZXsjGVWSFL.jpg,0.863504228116531,True
e79deba8fe520409790b601ad61da4ee_jpg.rf.X5Xu7DewNhuCBR3ZHaKC.jpg,0.8644990901262406,True
3796db002cba7265bd32b0161ddd9127_jpg.rf.LmzHkrmxQiqiTTsV3AG7.jpg,0.8646022898634078,True
33b66ede234715fb46db40b33c4e26c1_jpg.rf.LrjCPZGThqqGH1BKkKOL.jpg,0.8647448338177621,True
eca42980852e6c5db10ee84aac23f9c6_jpg.rf.aAimeBWI6CFfbciAAZso.jpg,0.8649685107272584,True
578029c06939a788cd5606ad17b49fb9_jpg.rf.6t5Efpz5pG1RMjwUXgS8.jpg,0.8661315315825098,True
d67b5b9e900409b050dd9bd594f90709_jpg.rf.Rpg2p7nGfDg0fxuHb1Ab.jpg,0.8670610607068702,True
9e943906fba1ec89edfacb2dd7976504_jpg.rf.wNnz6kUwCfV7WmWQ2b6P.jpg,0.8689365185519733,True
0b47311f426ff926578c9d738d683e76_jpg.rf.24TJ7frq83PNjYgb771C.jpg,0.8690178318893703,True
759a86e63667ca033255c4ab438dd392_jpg.rf.D2vaxm4WYe3CW3fHCm2r.jpg,0.8690685106313362,True
699edbacbfee5e6d4d6d2189bc88990a_jpg.rf.qzr6udJ6kMB2cj9nZaws.jpg,0.8696822981810434,True
5758322233deed7ae7adc23536db2a4f_jpg.rf.RlJwgfb8lUgWekipCcMs.jpg,0.8697408876093216,True
7df16cd59fb40e0691948cc805e4801b_jpg.rf.YGjW2Jdpjq8g9qrbxQfw.jpg,0.8698384210835266,True
6a41b6c8201604216ad196f842c6a2c6_jpg.rf.lONE5qzNiwFgyLM3HKcN.jpg,0.8705199446383937,True
31419854b103ca6becc4cc394c449e95_jpg.rf.MoYhISqY0mrgeEujb7K1.jpg,0.8708956441350808,True
3914be0cea4aa8a6bbd1081ec3b034a7_jpg.rf.sLWK55J7qg7hl6t5yHJJ.jpg,0.8711009953238068,True
383c2ed7bbe2d327ab55a871db497c33_jpg.rf.FEsb6X7GaNwbhzTaLtTX.jpg,0.87140527965928,True
c76c79e40bd9839a05237934cfa89ca3_jpg.rf.YlBB4mw3G7pPqerjB92O.jpg,0.8714536025814736,True
IMG_0317_JPG_jpg.rf.vyTjJcCZPVekunqEnWTX.jpg,0.8720058281938879,True
fa4e2b9a8cf58f405f69a56c662834f2_jpg.rf.e7x65V2feXFoY5p2mdTQ.jpg,0.8727698005964997,True
3161933dffedf8a859d6623a99492c53_jpg.rf.sc9ylyRmzYULyJslZfxz.jpg,0.873268735552859,True
6f0a888f9e5aed9516e336fd04723ce1_jpg.rf.Rvvwhnlc7K1ymf5HY4pm.jpg,0.8764123706182319,True
